start_time,start_lat,start_lon,end_time,end_lat,end_lon,duration,train,id,from,to
2022-03-01 05:16:00,24.3867,112.4157,2022-03-01 05:16:00,24.3867,112.4157,0,D,CN~D4551,Guangzhou,Guangzhou
2022-03-01 05:16:00,24.3867,112.4157,2022-03-01 05:42:00,24.3155,112.1884,1560,D,CN~D4551,Guangzhou,Foshan West
2022-03-01 05:19:00,37.395,102.8739,2022-03-01 05:19:00,37.395,102.8739,0,C,CN~C0613,Lanzhou,Lanzhou
2022-03-01 05:19:00,37.395,102.8739,2022-03-01 05:29:00,37.4287,102.773,600,C,CN~C0613,Lanzhou,Lanzhou West
2022-03-01 05:19:00,48.2675,129.7933,2022-03-01 05:19:00,48.2675,129.7933,0,D,CN~D7812,Jiamusi,Jiamusi
2022-03-01 05:19:00,48.2675,129.7933,2022-03-01 06:05:00,47.4492,128.6759,2760,D,CN~D7812,Jiamusi,Gaoleng
2022-03-01 05:28:00,43.0802,122.7145,2022-03-01 05:28:00,43.0802,122.7145,0,G,CN~G8162,Shenyang South,Shenyang South
2022-03-01 05:28:00,43.0802,122.7145,2022-03-01 05:39:00,43.2082,122.7019,660,G,CN~G8162,Shenyang South,Shenyang
2022-03-01 05:29:00,37.4287,102.773,2022-03-01 05:31:00,37.4287,102.773,120,C,CN~C0613,Lanzhou West,Lanzhou West
2022-03-01 05:29:00,47.1601,125.9345,2022-03-01 05:29:00,47.1601,125.9345,0,D,CN~D7987,Harbin West,Harbin West
2022-03-01 05:29:00,47.1601,125.9345,2022-03-01 05:39:00,47.2136,125.9875,600,D,CN~D7987,Harbin West,Harbin
2022-03-01 05:30:00,37.4248,119.5771,2022-03-01 05:30:00,37.4248,119.5771,0,D,CN~D6002,Qingdao,Qingdao
2022-03-01 05:30:00,37.4248,119.5771,2022-03-01 05:48:00,37.5306,119.6398,1080,D,CN~D6002,Qingdao,Qingdao North
2022-03-01 05:30:00,29.4348,112.22,2022-03-01 05:30:00,29.4348,112.22,0,G,CN~G9545,Changsha South,Changsha South
2022-03-01 05:30:00,29.4348,112.22,2022-03-01 07:16:00,25.4068,112.5094,6360,G,CN~G9545,Changsha South,Yingde West
2022-03-01 05:31:00,37.4287,102.773,2022-03-01 06:07:00,37.87,102.6357,2160,C,CN~C0613,Lanzhou West,Zhongchuan Airport
2022-03-01 05:31:00,43.2082,122.7019,2022-03-01 05:31:00,43.2082,122.7019,0,D,CN~D7601,Shenyang,Shenyang
2022-03-01 05:31:00,43.2082,122.7019,2022-03-01 06:02:00,42.7041,123.0719,1860,D,CN~D7601,Shenyang,Benxi
2022-03-01 05:33:00,45.3455,124.661,2022-03-01 05:33:00,45.3455,124.661,0,C,CN~C1001,Changchun,Changchun
2022-03-01 05:33:00,45.3455,124.661,2022-03-01 06:13:00,45.2942,125.9343,2400,C,CN~C1001,Changchun,Jilin
2022-03-01 05:33:00,40.5478,116.3778,2022-03-01 05:33:00,40.5478,116.3778,0,C,CN~C2606,Tianjin West,Tianjin West
2022-03-01 05:33:00,40.5478,116.3778,2022-03-01 05:49:00,40.7636,116.2288,960,C,CN~C2606,Tianjin West,Wuqing
2022-03-01 05:33:00,48.2675,129.7933,2022-03-01 05:33:00,48.2675,129.7933,0,D,CN~D7902,Jiamusi,Jiamusi
2022-03-01 05:33:00,48.2675,129.7933,2022-03-01 05:58:00,48.174,130.51,1500,D,CN~D7902,Jiamusi,Shuangyashan West
2022-03-01 05:34:00,41.2915,115.5236,2022-03-01 05:34:00,41.2915,115.5236,0,G,CN~G6737,Beijing West,Beijing West
2022-03-01 05:34:00,41.2915,115.5236,2022-03-01 06:15:00,40.2513,114.7944,2460,G,CN~G6737,Beijing West,Baoding East
2022-03-01 05:36:00,24.3867,112.4157,2022-03-01 05:36:00,24.3867,112.4157,0,D,CN~D4545,Guangzhou,Guangzhou
2022-03-01 05:36:00,24.3867,112.4157,2022-03-01 05:58:00,24.3155,112.1884,1320,D,CN~D4545,Guangzhou,Foshan West
2022-03-01 05:36:00,47.1601,125.9345,2022-03-01 05:36:00,47.1601,125.9345,0,D,CN~D6911,Harbin West,Harbin West
2022-03-01 05:36:00,47.1601,125.9345,2022-03-01 05:46:00,47.2136,125.9875,600,D,CN~D6911,Harbin West,Harbin
2022-03-01 05:36:00,33.4124,118.0388,2022-03-01 05:36:00,33.4124,118.0388,0,G,CN~G7029,Nanjing,Nanjing
2022-03-01 05:36:00,33.4124,118.0388,2022-03-01 05:56:00,33.5236,118.6829,1200,G,CN~G7029,Nanjing,Zhenjiang
2022-03-01 05:37:00,45.3455,124.661,2022-03-01 05:37:00,45.3455,124.661,0,C,CN~C0531,Changchun,Changchun
2022-03-01 05:37:00,45.3455,124.661,2022-03-01 06:59:00,46.5559,124.1465,4920,C,CN~C0531,Changchun,Songyuan
2022-03-01 05:38:00,40.3101,120.9171,2022-03-01 05:38:00,40.3101,120.9171,0,G,CN~G8041,Dalian,Dalian
2022-03-01 05:38:00,40.3101,120.9171,2022-03-01 05:55:00,40.4052,120.8913,1020,G,CN~G8041,Dalian,Dalian North
2022-03-01 05:39:00,47.2136,125.9875,2022-03-01 05:42:00,47.2136,125.9875,180,D,CN~D7987,Harbin,Harbin
2022-03-01 05:39:00,43.2082,122.7019,2022-03-01 05:45:00,43.2082,122.7019,360,G,CN~G8162,Shenyang,Shenyang
2022-03-01 05:40:00,40.5478,116.3778,2022-03-01 05:40:00,40.5478,116.3778,0,G,CN~G6753,Tianjin West,Tianjin West
2022-03-01 05:40:00,40.5478,116.3778,2022-03-01 07:05:00,39.3892,113.6591,5100,G,CN~G6753,Tianjin West,Shijiazhuang
2022-03-01 05:42:00,40.5478,116.3778,2022-03-01 05:42:00,40.5478,116.3778,0,C,CN~C2608,Tianjin West,Tianjin West
2022-03-01 05:42:00,40.5478,116.3778,2022-03-01 05:58:00,40.7636,116.2288,960,C,CN~C2608,Tianjin West,Wuqing
2022-03-01 05:42:00,24.3155,112.1884,2022-03-01 05:50:00,24.3155,112.1884,480,D,CN~D4551,Foshan West,Foshan West
2022-03-01 05:42:00,47.2136,125.9875,2022-03-01 06:44:00,47.3223,128.199,3720,D,CN~D7987,Harbin,Fangzheng
2022-03-01 05:43:00,32.5099,120.6013,2022-03-01 05:43:00,32.5099,120.6013,0,G,CN~G4731,Shanghai Hongqiao,Shanghai Hongqiao
2022-03-01 05:43:00,32.5099,120.6013,2022-03-01 06:20:00,31.7474,119.6588,2220,G,CN~G4731,Shanghai Hongqiao,Haining West
2022-03-01 05:44:00,45.3455,124.661,2022-03-01 05:44:00,45.3455,124.661,0,C,CN~C0527,Changchun,Changchun
2022-03-01 05:44:00,45.3455,124.661,2022-03-01 06:28:00,45.8758,124.4949,2640,C,CN~C0527,Changchun,Nong'an
2022-03-01 05:45:00,24.3155,112.1884,2022-03-01 05:45:00,24.3155,112.1884,0,D,CN~D4262,Foshan West,Foshan West
2022-03-01 05:45:00,24.3155,112.1884,2022-03-01 07:45:00,26.6146,109.3815,7200,D,CN~D4262,Foshan West,Guilin West
2022-03-01 05:45:00,43.2082,122.7019,2022-03-01 06:33:00,43.4744,120.9436,2880,G,CN~G8162,Shenyang,Fuxin
2022-03-01 05:46:00,47.2136,125.9875,2022-03-01 05:48:00,47.2136,125.9875,120,D,CN~D6911,Harbin,Harbin
2022-03-01 05:46:00,32.566,120.7383,2022-03-01 05:46:00,32.566,120.7383,0,G,CN~G7032,Shanghai,Shanghai
2022-03-01 05:46:00,32.566,120.7383,2022-03-01 06:11:00,32.6473,119.8813,1500,G,CN~G7032,Shanghai,Suzhou
2022-03-01 05:48:00,37.5306,119.6398,2022-03-01 05:50:00,37.5306,119.6398,120,D,CN~D6002,Qingdao North,Qingdao North
2022-03-01 05:48:00,47.2136,125.9875,2022-03-01 06:25:00,47.8623,124.6583,2220,D,CN~D6911,Harbin,Anda
2022-03-01 05:48:00,32.5099,120.6013,2022-03-01 05:48:00,32.5099,120.6013,0,G,CN~G7541,Shanghai Hongqiao,Shanghai Hongqiao
2022-03-01 05:48:00,32.5099,120.6013,2022-03-01 06:21:00,31.8472,119.8381,1980,G,CN~G7541,Shanghai Hongqiao,Tongxiang
2022-03-01 05:49:00,40.7636,116.2288,2022-03-01 05:51:00,40.7636,116.2288,120,C,CN~C2606,Wuqing,Wuqing
2022-03-01 05:49:00,40.4052,120.8913,2022-03-01 05:49:00,40.4052,120.8913,0,G,CN~G0701,Dalian North,Dalian North
2022-03-01 05:49:00,40.4052,120.8913,2022-03-01 06:42:00,42.0282,121.7248,3180,G,CN~G0701,Dalian North,Yingkou East
2022-03-01 05:50:00,30.9115,105.6116,2022-03-01 05:50:00,30.9115,105.6116,0,D,CN~D2378,Chongqing North,Chongqing North
2022-03-01 05:50:00,30.9115,105.6116,2022-03-01 06:59:00,31.2695,107.1801,4140,D,CN~D2378,Chongqing North,Shizhuxian
2022-03-01 05:50:00,38.5142,121.703,2022-03-01 05:50:00,38.5142,121.703,0,D,CN~D2926,Rongcheng,Rongcheng
2022-03-01 05:50:00,38.5142,121.703,2022-03-01 06:07:00,38.7992,121.4348,1020,D,CN~D2926,Rongcheng,Weihai
2022-03-01 05:50:00,24.3155,112.1884,2022-03-01 07:50:00,26.6146,109.3815,7200,D,CN~D4551,Foshan West,Guilin West
2022-03-01 05:50:00,31.1189,117.5064,2022-03-01 05:50:00,31.1189,117.5064,0,D,CN~D5586,Huangshan North,Huangshan North
2022-03-01 05:50:00,31.1189,117.5064,2022-03-01 06:43:00,31.0923,118.9891,3180,D,CN~D5586,Huangshan North,Tonglu
2022-03-01 05:50:00,37.5306,119.6398,2022-03-01 06:45:00,38.0625,118.3422,3300,D,CN~D6002,Qingdao North,Weifang
2022-03-01 05:50:00,48.8088,123.3124,2022-03-01 05:50:00,48.8088,123.3124,0,D,CN~D6912,Qiqihar,Qiqihar
2022-03-01 05:50:00,48.8088,123.3124,2022-03-01 06:26:00,48.12,124.2164,2160,D,CN~D6912,Qiqihar,Daqing West
2022-03-01 05:50:00,31.5991,119.477,2022-03-01 05:50:00,31.5991,119.477,0,G,CN~G7361,Hangzhou East,Hangzhou East
2022-03-01 05:50:00,31.5991,119.477,2022-03-01 06:13:00,31.0295,119.4479,1380,G,CN~G7361,Hangzhou East,Zhuji
2022-03-01 05:51:00,40.7636,116.2288,2022-03-01 06:13:00,41.261,115.582,1320,C,CN~C2606,Wuqing,Beijing South
2022-03-01 05:52:00,43.2082,122.7019,2022-03-01 05:52:00,43.2082,122.7019,0,D,CN~D0822,Shenyang,Shenyang
2022-03-01 05:52:00,43.2082,122.7019,2022-03-01 06:33:00,42.971,122.0714,2460,D,CN~D0822,Shenyang,Liaozhong
2022-03-01 05:52:00,45.3455,124.661,2022-03-01 05:52:00,45.3455,124.661,0,G,CN~G8104,Changchun,Changchun
2022-03-01 05:52:00,45.3455,124.661,2022-03-01 06:36:00,44.201,123.3847,2640,G,CN~G8104,Changchun,Changtu West
2022-03-01 05:52:00,24.2241,112.4276,2022-03-01 05:52:00,24.2241,112.4276,0,G,CN~G9640,Guangzhou South,Guangzhou South
2022-03-01 05:52:00,24.2241,112.4276,2022-03-01 07:45:00,28.5273,111.9397,6780,G,CN~G9640,Guangzhou South,Hengshan West
2022-03-01 05:55:00,44.3289,128.8117,2022-03-01 05:55:00,44.3289,128.8117,0,C,CN~C1002,Yanji West,Yanji West
2022-03-01 05:55:00,44.3289,128.8117,2022-03-01 06:14:00,44.5399,128.2846,1140,C,CN~C1002,Yanji West,Antu West
2022-03-01 05:55:00,33.3936,120.1346,2022-03-01 05:55:00,33.3936,120.1346,0,C,CN~C3804,Nantong,Nantong
2022-03-01 05:55:00,33.3936,120.1346,2022-03-01 06:19:00,33.1398,119.9465,1440,C,CN~C3804,Nantong,Zhangjiagang
2022-03-01 05:55:00,40.4052,120.8913,2022-03-01 05:57:00,40.4052,120.8913,120,G,CN~G8041,Dalian North,Dalian North
2022-03-01 05:56:00,33.5236,118.6829,2022-03-01 05:58:00,33.5236,118.6829,120,G,CN~G7029,Zhenjiang,Zhenjiang
2022-03-01 05:57:00,40.4052,120.8913,2022-03-01 06:37:00,41.5865,121.3857,2400,G,CN~G8041,Dalian North,Bayuquan
2022-03-01 05:58:00,37.395,102.8739,2022-03-01 05:58:00,37.395,102.8739,0,C,CN~C0625,Lanzhou,Lanzhou
2022-03-01 05:58:00,37.395,102.8739,2022-03-01 06:08:00,37.4287,102.773,600,C,CN~C0625,Lanzhou,Lanzhou West
2022-03-01 05:58:00,40.526,116.4253,2022-03-01 05:58:00,40.526,116.4253,0,C,CN~C2002,Tianjin ,Tianjin 
2022-03-01 05:58:00,40.526,116.4253,2022-03-01 06:28:00,41.261,115.582,1800,C,CN~C2002,Tianjin ,Beijing South
2022-03-01 05:58:00,40.7636,116.2288,2022-03-01 06:00:00,40.7636,116.2288,120,C,CN~C2608,Wuqing,Wuqing
2022-03-01 05:58:00,24.3155,112.1884,2022-03-01 06:01:00,24.3155,112.1884,180,D,CN~D4545,Foshan West,Foshan West
2022-03-01 05:58:00,48.174,130.51,2022-03-01 06:00:00,48.174,130.51,120,D,CN~D7902,Shuangyashan West,Shuangyashan West
2022-03-01 05:58:00,33.5236,118.6829,2022-03-01 06:12:00,33.3262,118.8468,840,G,CN~G7029,Zhenjiang,Danyang
2022-03-01 06:00:00,41.261,115.582,2022-03-01 06:00:00,41.261,115.582,0,C,CN~C2551,Beijing South,Beijing South
2022-03-01 06:00:00,41.261,115.582,2022-03-01 06:30:00,40.526,116.4253,1800,C,CN~C2551,Beijing South,Tianjin 
2022-03-01 06:00:00,40.7636,116.2288,2022-03-01 06:22:00,41.261,115.582,1320,C,CN~C2608,Wuqing,Beijing South
2022-03-01 06:00:00,32.0706,102.9971,2022-03-01 06:00:00,32.0706,102.9971,0,C,CN~C6101,Xipu,Xipu
2022-03-01 06:00:00,32.0706,102.9971,2022-03-01 06:23:00,32.2065,102.627,1380,C,CN~C6101,Xipu,Qingchengshan
2022-03-01 06:00:00,24.3875,113.5943,2022-03-01 06:00:00,24.3875,113.5943,0,C,CN~C7502,Xiaojinkou,Xiaojinkou
2022-03-01 06:00:00,24.3875,113.5943,2022-03-01 06:05:00,24.3463,113.5937,300,C,CN~C7502,Xiaojinkou,Yunshan
2022-03-01 06:00:00,38.0374,116.2041,2022-03-01 06:00:00,38.0374,116.2041,0,D,CN~D6001,Jinan,Jinan
2022-03-01 06:00:00,38.0374,116.2041,2022-03-01 06:42:00,38.1555,117.2855,2520,D,CN~D6001,Jinan,Zibo
2022-03-01 06:00:00,48.174,130.51,2022-03-01 06:23:00,47.6743,130.0361,1380,D,CN~D7902,Shuangyashan West,Huanan East
2022-03-01 06:00:00,32.5099,120.6013,2022-03-01 06:00:00,32.5099,120.6013,0,G,CN~G1786,Shanghai Hongqiao,Shanghai Hongqiao
2022-03-01 06:00:00,32.5099,120.6013,2022-03-01 06:28:00,32.9165,119.7277,1680,G,CN~G1786,Shanghai Hongqiao,Wuxi East
2022-03-01 06:00:00,25.8878,117.3051,2022-03-01 06:00:00,25.8878,117.3051,0,G,CN~G2380,Xiamen North,Xiamen North
2022-03-01 06:00:00,25.8878,117.3051,2022-03-01 06:56:00,26.3536,116.2208,3360,G,CN~G2380,Xiamen North,Longyan
2022-03-01 06:00:00,31.1189,117.5064,2022-03-01 06:00:00,31.1189,117.5064,0,G,CN~G2668,Huangshan North,Huangshan North
2022-03-01 06:00:00,31.1189,117.5064,2022-03-01 06:35:00,31.0378,118.4396,2100,G,CN~G2668,Huangshan North,Qiandaohu
2022-03-01 06:00:00,27.8928,105.739,2022-03-01 06:00:00,27.8928,105.739,0,G,CN~G4352,Guiyang North,Guiyang North
2022-03-01 06:00:00,27.8928,105.739,2022-03-01 07:34:00,29.024,108.3036,5640,G,CN~G4352,Guiyang North,Tongren
2022-03-01 06:00:00,33.4124,118.0388,2022-03-01 06:00:00,33.4124,118.0388,0,G,CN~G7031,Nanjing,Nanjing
2022-03-01 06:00:00,33.4124,118.0388,2022-03-01 06:20:00,33.5236,118.6829,1200,G,CN~G7031,Nanjing,Zhenjiang
2022-03-01 06:00:00,31.5991,119.477,2022-03-01 06:00:00,31.5991,119.477,0,G,CN~G7341,Hangzhou East,Hangzhou East
2022-03-01 06:00:00,31.5991,119.477,2022-03-01 06:23:00,31.0295,119.4479,1380,G,CN~G7341,Hangzhou East,Zhuji
2022-03-01 06:00:00,33.1204,116.5086,2022-03-01 06:00:00,33.1204,116.5086,0,G,CN~G7725,Hefei South,Hefei South
2022-03-01 06:00:00,33.1204,116.5086,2022-03-01 06:30:00,32.6217,117.1981,1800,G,CN~G7725,Hefei South,Wuwei
2022-03-01 06:00:00,41.4376,115.5185,2022-03-01 06:00:00,41.4376,115.5185,0,G,CN~G8881,Qinghe,Qinghe
2022-03-01 06:00:00,41.4376,115.5185,2022-03-01 06:26:00,41.838,115.1807,1560,G,CN~G8881,Qinghe,Yanqing
2022-03-01 06:01:00,32.0095,103.0994,2022-03-01 06:01:00,32.0095,103.0994,0,C,CN~C6051,Chengdu,Chengdu
2022-03-01 06:01:00,32.0095,103.0994,2022-03-01 06:13:00,32.0706,102.9971,720,C,CN~C6051,Chengdu,Xipu
2022-03-01 06:01:00,24.388,112.4843,2022-03-01 06:01:00,24.388,112.4843,0,C,CN~C7001,Guangzhou East,Guangzhou East
2022-03-01 06:01:00,24.388,112.4843,2022-03-01 06:27:00,24.325,113.0271,1560,C,CN~C7001,Guangzhou East,Dongguan
2022-03-01 06:01:00,32.6473,119.8813,2022-03-01 06:01:00,32.6473,119.8813,0,D,CN~D1668,Suzhou,Suzhou
2022-03-01 06:01:00,32.6473,119.8813,2022-03-01 06:16:00,32.9076,119.5715,900,D,CN~D1668,Suzhou,Wuxi
2022-03-01 06:01:00,32.5099,120.6013,2022-03-01 06:01:00,32.5099,120.6013,0,D,CN~D2206,Shanghai Hongqiao,Shanghai Hongqiao
2022-03-01 06:01:00,32.5099,120.6013,2022-03-01 06:54:00,33.1398,119.9465,3180,D,CN~D2206,Shanghai Hongqiao,Zhangjiagang
2022-03-01 06:01:00,24.3155,112.1884,2022-03-01 08:01:00,26.6146,109.3815,7200,D,CN~D4545,Foshan West,Guilin West
2022-03-01 06:01:00,46.0329,129.0123,2022-03-01 06:01:00,46.0329,129.0123,0,G,CN~G1206,Mudanjiang,Mudanjiang
2022-03-01 06:01:00,46.0329,129.0123,2022-03-01 06:31:00,46.3554,127.9727,1800,G,CN~G1206,Mudanjiang,Yabuli West
2022-03-01 06:01:00,37.5306,119.6398,2022-03-01 06:01:00,37.5306,119.6398,0,G,CN~G1268,Qingdao North,Qingdao North
2022-03-01 06:01:00,37.5306,119.6398,2022-03-01 06:57:00,38.0625,118.3422,3360,G,CN~G1268,Qingdao North,Weifang
2022-03-01 06:01:00,45.3455,124.661,2022-03-01 06:01:00,45.3455,124.661,0,G,CN~G8002,Changchun,Changchun
2022-03-01 06:01:00,45.3455,124.661,2022-03-01 06:34:00,44.5643,123.7638,1980,G,CN~G8002,Changchun,Siping East
2022-03-01 06:02:00,33.3936,120.1346,2022-03-01 06:02:00,33.3936,120.1346,0,C,CN~C3712,Nantong,Nantong
2022-03-01 06:02:00,33.3936,120.1346,2022-03-01 06:26:00,33.1398,119.9465,1440,C,CN~C3712,Nantong,Zhangjiagang
2022-03-01 06:02:00,42.7041,123.0719,2022-03-01 06:04:00,42.7041,123.0719,120,D,CN~D7601,Benxi,Benxi
2022-03-01 06:02:00,40.4052,120.8913,2022-03-01 06:02:00,40.4052,120.8913,0,G,CN~G8001,Dalian North,Dalian North
2022-03-01 06:02:00,40.4052,120.8913,2022-03-01 06:29:00,41.051,121.1258,1620,G,CN~G8001,Dalian North,Wafangdian West
2022-03-01 06:03:00,33.4124,118.0388,2022-03-01 06:03:00,33.4124,118.0388,0,C,CN~C3854,Nanjing,Nanjing
2022-03-01 06:03:00,33.4124,118.0388,2022-03-01 06:53:00,33.7181,118.6002,3000,C,CN~C3854,Nanjing,Yangzhou
2022-03-01 06:03:00,36.109,112.9435,2022-03-01 06:03:00,36.109,112.9435,0,D,CN~D7877,Zhengzhou East,Zhengzhou East
2022-03-01 06:03:00,36.109,112.9435,2022-03-01 06:18:00,36.096,112.8223,900,D,CN~D7877,Zhengzhou East,Zhengzhou
2022-03-01 06:03:00,24.0613,107.4014,2022-03-01 06:03:00,24.0613,107.4014,0,G,CN~G2340,Nanning,Nanning
2022-03-01 06:03:00,24.0613,107.4014,2022-03-01 06:14:00,24.0759,107.502,660,G,CN~G2340,Nanning,Nanning East
2022-03-01 06:03:00,39.3892,113.6591,2022-03-01 06:03:00,39.3892,113.6591,0,G,CN~G6708,Shijiazhuang,Shijiazhuang
2022-03-01 06:03:00,39.3892,113.6591,2022-03-01 06:39:00,40.2513,114.7944,2160,G,CN~G6708,Shijiazhuang,Baoding East
2022-03-01 06:04:00,40.526,116.4253,2022-03-01 06:04:00,40.526,116.4253,0,C,CN~C2202,Tianjin ,Tianjin 
2022-03-01 06:04:00,40.526,116.4253,2022-03-01 06:17:00,40.7636,116.2288,780,C,CN~C2202,Tianjin ,Wuqing
2022-03-01 06:04:00,42.7041,123.0719,2022-03-01 06:47:00,41.522,123.7113,2580,D,CN~D7601,Benxi,Dandong
2022-03-01 06:04:00,37.4248,119.5771,2022-03-01 06:04:00,37.4248,119.5771,0,G,CN~G0278,Qingdao,Qingdao
2022-03-01 06:04:00,37.4248,119.5771,2022-03-01 06:22:00,37.5306,119.6398,1080,G,CN~G0278,Qingdao,Qingdao North
2022-03-01 06:04:00,31.9401,103.1685,2022-03-01 06:04:00,31.9401,103.1685,0,G,CN~G8771,Chengdu East,Chengdu East
2022-03-01 06:04:00,31.9401,103.1685,2022-03-01 07:14:00,30.4616,104.3668,4200,G,CN~G8771,Chengdu East,Luxian
2022-03-01 06:05:00,41.261,115.582,2022-03-01 06:05:00,41.261,115.582,0,C,CN~C2553,Beijing South,Beijing South
2022-03-01 06:05:00,41.261,115.582,2022-03-01 06:35:00,40.526,116.4253,1800,C,CN~C2553,Beijing South,Tianjin 
2022-03-01 06:05:00,24.2241,112.4276,2022-03-01 06:05:00,24.2241,112.4276,0,C,CN~C6901,Guangzhou South,Guangzhou South
2022-03-01 06:05:00,24.2241,112.4276,2022-03-01 06:36:00,23.7187,112.2268,1860,C,CN~C6901,Guangzhou South,Jiangmen
2022-03-01 06:05:00,24.3463,113.5937,2022-03-01 06:07:00,24.3463,113.5937,120,C,CN~C7502,Yunshan,Yunshan
2022-03-01 06:05:00,38.0625,118.3422,2022-03-01 06:05:00,38.0625,118.3422,0,D,CN~D6029,Weifang,Weifang
2022-03-01 06:05:00,38.0625,118.3422,2022-03-01 06:32:00,37.7567,119.0233,1620,D,CN~D6029,Weifang,Gaomi
2022-03-01 06:05:00,47.4492,128.6759,2022-03-01 06:07:00,47.4492,128.6759,120,D,CN~D7812,Gaoleng,Gaoleng
2022-03-01 06:06:00,35.6129,116.5231,2022-03-01 06:06:00,35.6129,116.5231,0,C,CN~C3151,Xuzhou East,Xuzhou East
2022-03-01 06:06:00,35.6129,116.5231,2022-03-01 06:38:00,35.215,117.515,1920,C,CN~C3151,Xuzhou East,Suqian
2022-03-01 06:06:00,32.566,120.7383,2022-03-01 06:06:00,32.566,120.7383,0,G,CN~G7072,Shanghai,Shanghai
2022-03-01 06:06:00,32.566,120.7383,2022-03-01 06:25:00,32.6706,120.2264,1140,G,CN~G7072,Shanghai,Kunshan South
2022-03-01 06:07:00,37.87,102.6357,2022-03-01 06:07:00,37.87,102.6357,0,C,CN~C0613,Zhongchuan Airport,Zhongchuan Airport
2022-03-01 06:07:00,33.3936,120.1346,2022-03-01 06:07:00,33.3936,120.1346,0,C,CN~C3782,Nantong,Nantong
2022-03-01 06:07:00,33.3936,120.1346,2022-03-01 06:40:00,33.8772,119.7734,1980,C,CN~C3782,Nantong,Hai'an
2022-03-01 06:07:00,24.3463,113.5937,2022-03-01 06:10:00,24.3237,113.5773,180,C,CN~C7502,Yunshan,Xihudong
2022-03-01 06:07:00,38.7992,121.4348,2022-03-01 06:24:00,38.7992,121.4348,1020,D,CN~D2926,Weihai,Weihai
2022-03-01 06:07:00,24.3867,112.4157,2022-03-01 06:07:00,24.3867,112.4157,0,D,CN~D4269,Guangzhou,Guangzhou
2022-03-01 06:07:00,24.3867,112.4157,2022-03-01 06:27:00,24.3155,112.1884,1200,D,CN~D4269,Guangzhou,Foshan West
2022-03-01 06:07:00,31.9179,113.5996,2022-03-01 06:07:00,31.9179,113.5996,0,D,CN~D7001,Wuhan,Wuhan
2022-03-01 06:07:00,31.9179,113.5996,2022-03-01 06:29:00,31.6706,114.0483,1320,D,CN~D7001,Wuhan,Ezhou
2022-03-01 06:07:00,47.4492,128.6759,2022-03-01 06:24:00,47.3223,128.199,1020,D,CN~D7812,Gaoleng,Fangzheng
2022-03-01 06:08:00,37.4287,102.773,2022-03-01 06:10:00,37.4287,102.773,120,C,CN~C0625,Lanzhou West,Lanzhou West
2022-03-01 06:08:00,40.5478,116.3778,2022-03-01 06:08:00,40.5478,116.3778,0,C,CN~C2610,Tianjin West,Tianjin West
2022-03-01 06:08:00,40.5478,116.3778,2022-03-01 06:40:00,41.261,115.582,1920,C,CN~C2610,Tianjin West,Beijing South
2022-03-01 06:08:00,48.2675,129.7933,2022-03-01 06:08:00,48.2675,129.7933,0,D,CN~D7814,Jiamusi,Jiamusi
2022-03-01 06:08:00,48.2675,129.7933,2022-03-01 06:41:00,47.7378,129.0068,1980,D,CN~D7814,Jiamusi,Yilan
2022-03-01 06:08:00,37.5306,119.6398,2022-03-01 06:08:00,37.5306,119.6398,0,G,CN~G1208,Qingdao North,Qingdao North
2022-03-01 06:08:00,37.5306,119.6398,2022-03-01 06:40:00,37.7567,119.0233,1920,G,CN~G1208,Qingdao North,Gaomi
2022-03-01 06:08:00,24.2241,112.4276,2022-03-01 06:08:00,24.2241,112.4276,0,G,CN~G1408,Guangzhou South,Guangzhou South
2022-03-01 06:08:00,24.2241,112.4276,2022-03-01 07:25:00,26.9993,112.1229,4620,G,CN~G1408,Guangzhou South,Chenzhou West
2022-03-01 06:08:00,40.5478,116.3778,2022-03-01 06:08:00,40.5478,116.3778,0,G,CN~G6289,Tianjin West,Tianjin West
2022-03-01 06:08:00,40.5478,116.3778,2022-03-01 06:45:00,41.0191,117.3466,2220,G,CN~G6289,Tianjin West,Tangshan
2022-03-01 06:09:00,31.9401,103.1685,2022-03-01 06:09:00,31.9401,103.1685,0,C,CN~C6007,Chengdu East,Chengdu East
2022-03-01 06:09:00,31.9401,103.1685,2022-03-01 06:38:00,31.4328,103.7183,1740,C,CN~C6007,Chengdu East,Ziyang North
2022-03-01 06:09:00,31.9401,103.1685,2022-03-01 06:09:00,31.9401,103.1685,0,D,CN~D1998,Chengdu East,Chengdu East
2022-03-01 06:09:00,31.9401,103.1685,2022-03-01 06:45:00,32.779,103.7525,2160,D,CN~D1998,Chengdu East,Mianyang
2022-03-01 06:09:00,39.3892,113.6591,2022-03-01 06:09:00,39.3892,113.6591,0,G,CN~G6704,Shijiazhuang,Shijiazhuang
2022-03-01 06:09:00,39.3892,113.6591,2022-03-01 06:44:00,40.2513,114.7944,2100,G,CN~G6704,Shijiazhuang,Baoding East
2022-03-01 06:09:00,33.4124,118.0388,2022-03-01 06:09:00,33.4124,118.0388,0,G,CN~G7101,Nanjing,Nanjing
2022-03-01 06:09:00,33.4124,118.0388,2022-03-01 06:29:00,33.5236,118.6829,1200,G,CN~G7101,Nanjing,Zhenjiang
2022-03-01 06:10:00,37.4287,102.773,2022-03-01 06:47:00,37.8346,102.6378,2220,C,CN~C0625,Lanzhou West,Lanzhou New Area
2022-03-01 06:10:00,41.261,115.582,2022-03-01 06:10:00,41.261,115.582,0,C,CN~C2601,Beijing South,Beijing South
2022-03-01 06:10:00,41.261,115.582,2022-03-01 06:42:00,40.5478,116.3778,1920,C,CN~C2601,Beijing South,Tianjin West
2022-03-01 06:10:00,23.8571,112.9801,2022-03-01 06:10:00,23.8571,112.9801,0,C,CN~C6722,Shenzhen Airport,Shenzhen Airport
2022-03-01 06:10:00,23.8571,112.9801,2022-03-01 06:13:00,23.8837,112.9645,180,C,CN~C6722,Shenzhen Airport,Shenzhen Airport North
2022-03-01 06:10:00,19.4833,108.5968,2022-03-01 06:10:00,19.4833,108.5968,0,C,CN~C7402,Sanya,Sanya
2022-03-01 06:10:00,19.4833,108.5968,2022-03-01 06:44:00,19.9993,109.4976,2040,C,CN~C7402,Sanya,Wanning
2022-03-01 06:10:00,24.3237,113.5773,2022-03-01 06:12:00,24.3237,113.5773,120,C,CN~C7502,Xihudong,Xihudong
2022-03-01 06:10:00,24.2241,112.4276,2022-03-01 06:10:00,24.2241,112.4276,0,C,CN~C7601,Guangzhou South,Guangzhou South
2022-03-01 06:10:00,24.2241,112.4276,2022-03-01 06:28:00,23.88,112.4281,1080,C,CN~C7601,Guangzhou South,Xiaolan
2022-03-01 06:10:00,38.0625,118.3422,2022-03-01 06:10:00,38.0625,118.3422,0,D,CN~D6020,Weifang,Weifang
2022-03-01 06:10:00,38.0625,118.3422,2022-03-01 06:31:00,38.139,117.7396,1260,D,CN~D6020,Weifang,Qingzhoushi
2022-03-01 06:10:00,38.0374,116.2041,2022-03-01 06:10:00,38.0374,116.2041,0,D,CN~D6073,Jinan,Jinan
2022-03-01 06:10:00,38.0374,116.2041,2022-03-01 06:52:00,38.1555,117.2855,2520,D,CN~D6073,Jinan,Zibo
2022-03-01 06:10:00,39.3892,113.6591,2022-03-01 06:10:00,39.3892,113.6591,0,D,CN~D6739,Shijiazhuang,Shijiazhuang
2022-03-01 06:10:00,39.3892,113.6591,2022-03-01 06:48:00,39.1497,114.8683,2280,D,CN~D6739,Shijiazhuang,Hengshui North
2022-03-01 06:10:00,43.2082,122.7019,2022-03-01 06:10:00,43.2082,122.7019,0,D,CN~D7661,Shenyang,Shenyang
2022-03-01 06:10:00,43.2082,122.7019,2022-03-01 06:21:00,43.0802,122.7145,660,D,CN~D7661,Shenyang,Shenyang South
2022-03-01 06:10:00,48.7532,123.288,2022-03-01 06:10:00,48.7532,123.288,0,G,CN~G0782,Qiqihar South,Qiqihar South
2022-03-01 06:10:00,48.7532,123.288,2022-03-01 06:41:00,48.12,124.2164,1860,G,CN~G0782,Qiqihar South,Daqing West
2022-03-01 06:10:00,32.5099,120.6013,2022-03-01 06:10:00,32.5099,120.6013,0,G,CN~G1321,Shanghai Hongqiao,Shanghai Hongqiao
2022-03-01 06:10:00,32.5099,120.6013,2022-03-01 06:56:00,31.5991,119.477,2760,G,CN~G1321,Shanghai Hongqiao,Hangzhou East
2022-03-01 06:10:00,32.5099,120.6013,2022-03-01 06:10:00,32.5099,120.6013,0,G,CN~G1970,Shanghai Hongqiao,Shanghai Hongqiao
2022-03-01 06:10:00,32.5099,120.6013,2022-03-01 06:33:00,32.7401,119.9142,1380,G,CN~G1970,Shanghai Hongqiao,Suzhou North
2022-03-01 06:10:00,31.9401,103.1685,2022-03-01 06:10:00,31.9401,103.1685,0,G,CN~G2195,Chengdu East,Chengdu East
2022-03-01 06:10:00,31.9401,103.1685,2022-03-01 06:56:00,30.9036,102.7328,2760,G,CN~G2195,Chengdu East,Leshan
2022-03-01 06:10:00,31.5508,119.4464,2022-03-01 06:10:00,31.5508,119.4464,0,G,CN~G7358,Hangzhou,Hangzhou
2022-03-01 06:10:00,31.5508,119.4464,2022-03-01 06:39:00,32.0021,120.0735,1740,G,CN~G7358,Hangzhou,Jiaxing South
2022-03-01 06:10:00,31.0378,118.4396,2022-03-01 06:10:00,31.0378,118.4396,0,G,CN~G7552,Qiandaohu,Qiandaohu
2022-03-01 06:10:00,31.0378,118.4396,2022-03-01 06:22:00,30.874,118.6787,720,G,CN~G7552,Qiandaohu,Jiande
2022-03-01 06:10:00,45.2942,125.9343,2022-03-01 06:10:00,45.2942,125.9343,0,G,CN~G8004,Jilin,Jilin
2022-03-01 06:10:00,45.2942,125.9343,2022-03-01 06:50:00,45.3455,124.661,2400,G,CN~G8004,Jilin,Changchun
2022-03-01 06:11:00,45.3455,124.661,2022-03-01 06:11:00,45.3455,124.661,0,C,CN~C1003,Changchun,Changchun
2022-03-01 06:11:00,45.3455,124.661,2022-03-01 06:25:00,45.4282,125.0432,840,C,CN~C1003,Changchun,Longjia
2022-03-01 06:11:00,24.388,112.4843,2022-03-01 06:11:00,24.388,112.4843,0,C,CN~C7011,Guangzhou East,Guangzhou East
2022-03-01 06:11:00,24.388,112.4843,2022-03-01 06:37:00,24.325,113.0271,1560,C,CN~C7011,Guangzhou East,Dongguan
2022-03-01 06:11:00,24.3155,112.1884,2022-03-01 06:11:00,24.3155,112.1884,0,C,CN~C7201,Foshan West,Foshan West
2022-03-01 06:11:00,24.3155,112.1884,2022-03-01 06:29:00,24.2241,112.4276,1080,C,CN~C7201,Foshan West,Guangzhou South
2022-03-01 06:11:00,47.1601,125.9345,2022-03-01 06:11:00,47.1601,125.9345,0,D,CN~D7811,Harbin West,Harbin West
2022-03-01 06:11:00,47.1601,125.9345,2022-03-01 06:21:00,47.2136,125.9875,600,D,CN~D7811,Harbin West,Harbin
2022-03-01 06:11:00,32.6473,119.8813,2022-03-01 06:13:00,32.6473,119.8813,120,G,CN~G7032,Suzhou,Suzhou
2022-03-01 06:12:00,24.3237,113.5773,2022-03-01 06:15:00,24.2993,113.5705,180,C,CN~C7502,Xihudong,Longfeng
2022-03-01 06:12:00,33.3936,120.1346,2022-03-01 06:12:00,33.3936,120.1346,0,G,CN~G2658,Nantong,Nantong
2022-03-01 06:12:00,33.3936,120.1346,2022-03-01 06:31:00,33.6733,119.8986,1140,G,CN~G2658,Nantong,Rugao South
2022-03-01 06:12:00,33.3262,118.8468,2022-03-01 06:14:00,33.3262,118.8468,120,G,CN~G7029,Danyang,Danyang
2022-03-01 06:13:00,45.2942,125.9343,2022-03-01 06:16:00,45.2942,125.9343,180,C,CN~C1001,Jilin,Jilin
2022-03-01 06:13:00,41.261,115.582,2022-03-01 06:13:00,41.261,115.582,0,C,CN~C2606,Beijing South,Beijing South
2022-03-01 06:13:00,32.0706,102.9971,2022-03-01 06:15:00,32.0706,102.9971,120,C,CN~C6051,Xipu,Xipu
2022-03-01 06:13:00,24.3128,112.7852,2022-03-01 06:13:00,24.3128,112.7852,0,C,CN~C6703,Zhongtang,Zhongtang
2022-03-01 06:13:00,24.3128,112.7852,2022-03-01 06:17:00,24.2728,112.792,240,C,CN~C6703,Zhongtang,Wangniudun
2022-03-01 06:13:00,23.8837,112.9645,2022-03-01 06:15:00,23.8837,112.9645,120,C,CN~C6722,Shenzhen Airport North,Shenzhen Airport North
2022-03-01 06:13:00,32.5099,120.6013,2022-03-01 06:13:00,32.5099,120.6013,0,D,CN~D0352,Shanghai Hongqiao,Shanghai Hongqiao
2022-03-01 06:13:00,32.5099,120.6013,2022-03-01 06:32:00,32.6706,120.2264,1140,D,CN~D0352,Shanghai Hongqiao,Kunshan South
2022-03-01 06:13:00,27.084,114.1499,2022-03-01 06:13:00,27.084,114.1499,0,D,CN~D3137,Ganzhou,Ganzhou
2022-03-01 06:13:00,27.084,114.1499,2022-03-01 07:06:00,27.1273,115.2574,3180,D,CN~D3137,Ganzhou,Ruijin
2022-03-01 06:13:00,33.2928,118.0396,2022-03-01 06:13:00,33.2928,118.0396,0,D,CN~D3239,Nanjing South,Nanjing South
2022-03-01 06:13:00,33.2928,118.0396,2022-03-01 07:23:00,31.5991,119.477,4200,D,CN~D3239,Nanjing South,Hangzhou East
2022-03-01 06:13:00,24.2241,112.4276,2022-03-01 06:13:00,24.2241,112.4276,0,G,CN~G0696,Guangzhou South,Guangzhou South
2022-03-01 06:13:00,24.2241,112.4276,2022-03-01 06:30:00,24.6163,112.3605,1020,G,CN~G0696,Guangzhou South,Guangzhou North
2022-03-01 06:13:00,32.6473,119.8813,2022-03-01 06:28:00,32.9076,119.5715,900,G,CN~G7032,Suzhou,Wuxi
2022-03-01 06:13:00,31.0295,119.4479,2022-03-01 06:15:00,31.0295,119.4479,120,G,CN~G7361,Zhuji,Zhuji
2022-03-01 06:14:00,44.5399,128.2846,2022-03-01 06:16:00,44.5399,128.2846,120,C,CN~C1002,Antu West,Antu West
2022-03-01 06:14:00,31.1659,120.8214,2022-03-01 06:14:00,31.1659,120.8214,0,G,CN~G1866,Ningbo,Ningbo
2022-03-01 06:14:00,31.1659,120.8214,2022-03-01 06:34:00,31.4042,120.4467,1200,G,CN~G1866,Ningbo,Yuyao North
2022-03-01 06:14:00,24.0759,107.502,2022-03-01 06:17:00,24.0759,107.502,180,G,CN~G2340,Nanning East,Nanning East
2022-03-01 06:14:00,33.3262,118.8468,2022-03-01 06:28:00,33.1068,119.2327,840,G,CN~G7029,Danyang,Changzhou
2022-03-01 06:14:00,41.3413,115.7139,2022-03-01 06:14:00,41.3413,115.7139,0,G,CN~G7851,Beijing Chaoyang,Beijing Chaoyang
2022-03-01 06:14:00,41.3413,115.7139,2022-03-01 06:51:00,41.8155,116.7006,2220,G,CN~G7851,Beijing Chaoyang,Xinglongxian West
2022-03-01 06:15:00,41.261,115.582,2022-03-01 06:15:00,41.261,115.582,0,C,CN~C2201,Beijing South,Beijing South
2022-03-01 06:15:00,41.261,115.582,2022-03-01 06:36:00,40.7636,116.2288,1260,C,CN~C2201,Beijing South,Wuqing
2022-03-01 06:15:00,24.6162,112.3599,2022-03-01 06:15:00,24.6162,112.3599,0,C,CN~C4757,Huadu,Huadu
2022-03-01 06:15:00,24.6162,112.3599,2022-03-01 06:23:00,24.6659,112.3954,480,C,CN~C4757,Huadu,Huachengjie
2022-03-01 06:15:00,24.895,112.2212,2022-03-01 06:15:00,24.895,112.2212,0,C,CN~C4760,Qingcheng,Qingcheng
2022-03-01 06:15:00,24.895,112.2212,2022-03-01 06:31:00,24.6162,112.3599,960,C,CN~C4760,Qingcheng,Huadu
2022-03-01 06:15:00,32.0095,103.0994,2022-03-01 06:15:00,32.0095,103.0994,0,C,CN~C5551,Chengdu,Chengdu
2022-03-01 06:15:00,32.0095,103.0994,2022-03-01 06:49:00,32.3086,102.6438,2040,C,CN~C5551,Chengdu,Lidui Park
2022-03-01 06:15:00,31.9401,103.1685,2022-03-01 06:15:00,31.9401,103.1685,0,C,CN~C5651,Chengdu East,Chengdu East
2022-03-01 06:15:00,31.9401,103.1685,2022-03-01 07:01:00,30.9036,102.7328,2760,C,CN~C5651,Chengdu East,Leshan
2022-03-01 06:15:00,32.0706,102.9971,2022-03-01 06:37:00,32.2936,102.9498,1320,C,CN~C6051,Xipu,Pengzhou
2022-03-01 06:15:00,23.8837,112.9645,2022-03-01 06:19:00,23.9227,112.9561,240,C,CN~C6722,Shenzhen Airport North,Fuhai West
2022-03-01 06:15:00,24.2993,113.5705,2022-03-01 06:16:00,24.2993,113.5705,60,C,CN~C7502,Longfeng,Longfeng
2022-03-01 06:15:00,36.109,112.9435,2022-03-01 06:15:00,36.109,112.9435,0,D,CN~D7881,Zhengzhou East,Zhengzhou East
2022-03-01 06:15:00,36.109,112.9435,2022-03-01 06:30:00,36.096,112.8223,900,D,CN~D7881,Zhengzhou East,Zhengzhou
2022-03-01 06:15:00,29.2526,119.8557,2022-03-01 06:15:00,29.2526,119.8557,0,G,CN~G0590,Wenzhou South,Wenzhou South
2022-03-01 06:15:00,29.2526,119.8557,2022-03-01 06:50:00,29.7703,120.6058,2100,G,CN~G0590,Wenzhou South,Wenling
2022-03-01 06:15:00,32.5099,120.6013,2022-03-01 06:15:00,32.5099,120.6013,0,G,CN~G1802,Shanghai Hongqiao,Shanghai Hongqiao
2022-03-01 06:15:00,32.5099,120.6013,2022-03-01 06:38:00,32.7401,119.9142,1380,G,CN~G1802,Shanghai Hongqiao,Suzhou North
2022-03-01 06:15:00,27.8928,105.739,2022-03-01 06:15:00,27.8928,105.739,0,G,CN~G5341,Guiyang North,Guiyang North
2022-03-01 06:15:00,27.8928,105.739,2022-03-01 07:26:00,27.8636,103.8904,4260,G,CN~G5341,Guiyang North,Liupanshui
2022-03-01 06:15:00,29.4348,112.22,2022-03-01 06:15:00,29.4348,112.22,0,G,CN~G6423,Changsha South,Changsha South
2022-03-01 06:15:00,29.4348,112.22,2022-03-01 07:37:00,28.7934,109.104,4920,G,CN~G6423,Changsha South,Huaihua South
2022-03-01 06:15:00,39.3892,113.6591,2022-03-01 06:15:00,39.3892,113.6591,0,G,CN~G6702,Shijiazhuang,Shijiazhuang
2022-03-01 06:15:00,39.3892,113.6591,2022-03-01 06:38:00,39.8917,114.259,1380,G,CN~G6702,Shijiazhuang,Dingzhou East
2022-03-01 06:15:00,40.2513,114.7944,2022-03-01 06:17:00,40.2513,114.7944,120,G,CN~G6737,Baoding East,Baoding East
2022-03-01 06:15:00,32.5099,120.6013,2022-03-01 06:15:00,32.5099,120.6013,0,G,CN~G7331,Shanghai Hongqiao,Shanghai Hongqiao
2022-03-01 06:15:00,32.5099,120.6013,2022-03-01 06:55:00,31.6891,119.5616,2400,G,CN~G7331,Shanghai Hongqiao,Linping South
2022-03-01 06:15:00,31.0295,119.4479,2022-03-01 06:40:00,30.4084,118.891,1500,G,CN~G7361,Zhuji,Jinhua
2022-03-01 06:16:00,45.2942,125.9343,2022-03-01 06:42:00,45.163,126.6654,1560,C,CN~C1001,Jilin,Jiaohe West
2022-03-01 06:16:00,44.5399,128.2846,2022-03-01 06:39:00,44.8091,127.6278,1380,C,CN~C1002,Antu West,Dunhua
2022-03-01 06:16:00,36.109,112.9435,2022-03-01 06:16:00,36.109,112.9435,0,C,CN~C2901,Zhengzhou East,Zhengzhou East
2022-03-01 06:16:00,36.109,112.9435,2022-03-01 06:33:00,35.8748,113.0159,1020,C,CN~C2901,Zhengzhou East,Xinzheng Airport
2022-03-01 06:16:00,32.2936,102.9498,2022-03-01 06:16:00,32.2936,102.9498,0,C,CN~C6052,Pengzhou,Pengzhou
2022-03-01 06:16:00,32.2936,102.9498,2022-03-01 06:38:00,32.0706,102.9971,1320,C,CN~C6052,Pengzhou,Xipu
2022-03-01 06:16:00,24.2993,113.5705,2022-03-01 06:20:00,24.2655,113.5414,240,C,CN~C7502,Longfeng,Huihuan
2022-03-01 06:16:00,32.9076,119.5715,2022-03-01 06:18:00,32.9076,119.5715,120,D,CN~D1668,Wuxi,Wuxi
2022-03-01 06:16:00,36.096,112.8223,2022-03-01 06:16:00,36.096,112.8223,0,D,CN~D3348,Zhengzhou,Zhengzhou
2022-03-01 06:16:00,36.096,112.8223,2022-03-01 06:50:00,36.5753,112.3907,2040,D,CN~D3348,Zhengzhou,Jiaozuo
2022-03-01 06:16:00,47.1601,125.9345,2022-03-01 06:16:00,47.1601,125.9345,0,G,CN~G0702,Harbin West,Harbin West
2022-03-01 06:16:00,47.1601,125.9345,2022-03-01 06:42:00,46.454,125.3515,1560,G,CN~G0702,Harbin West,Fuyu North
2022-03-01 06:17:00,32.5148,106.5247,2022-03-01 06:17:00,32.5148,106.5247,0,C,CN~C0753,Dazhou,Dazhou
2022-03-01 06:17:00,32.5148,106.5247,2022-03-01 07:14:00,32.3801,105.6294,3420,C,CN~C0753,Dazhou,Yingshan
2022-03-01 06:17:00,40.7636,116.2288,2022-03-01 06:23:00,40.7636,116.2288,360,C,CN~C2202,Wuqing,Wuqing
2022-03-01 06:17:00,24.2728,112.792,2022-03-01 06:19:00,24.2728,112.792,120,C,CN~C6703,Wangniudun,Wangniudun
2022-03-01 06:17:00,24.3155,112.1884,2022-03-01 06:17:00,24.3155,112.1884,0,C,CN~C7785,Foshan West,Foshan West
2022-03-01 06:17:00,24.3155,112.1884,2022-03-01 06:34:00,24.2241,112.4276,1020,C,CN~C7785,Foshan West,Guangzhou South
2022-03-01 06:17:00,41.3407,115.5563,2022-03-01 06:17:00,41.3407,115.5563,0,D,CN~D6721,Beijing North,Beijing North
2022-03-01 06:17:00,41.3407,115.5563,2022-03-01 06:53:00,41.7447,114.9898,2160,D,CN~D6721,Beijing North,Donghuayuanbei
2022-03-01 06:17:00,24.0759,107.502,2022-03-01 07:00:00,24.9945,108.3453,2580,G,CN~G2340,Nanning East,Laibin North
2022-03-01 06:17:00,40.2513,114.7944,2022-03-01 06:53:00,39.3892,113.6591,2160,G,CN~G6737,Baoding East,Shijiazhuang
2022-03-01 06:18:00,24.3867,112.4157,2022-03-01 06:18:00,24.3867,112.4157,0,C,CN~C7027,Guangzhou,Guangzhou
2022-03-01 06:18:00,24.3867,112.4157,2022-03-01 06:28:00,24.388,112.4843,600,C,CN~C7027,Guangzhou,Guangzhou East
2022-03-01 06:18:00,32.9076,119.5715,2022-03-01 06:33:00,33.1068,119.2327,900,D,CN~D1668,Wuxi,Changzhou
2022-03-01 06:18:00,31.9401,103.1685,2022-03-01 06:18:00,31.9401,103.1685,0,D,CN~D2244,Chengdu East,Chengdu East
2022-03-01 06:18:00,31.9401,103.1685,2022-03-01 07:04:00,31.8785,104.3216,2760,D,CN~D2244,Chengdu East,Daying East
2022-03-01 06:18:00,40.3101,120.9171,2022-03-01 06:18:00,40.3101,120.9171,0,D,CN~D7741,Dalian,Dalian
2022-03-01 06:18:00,40.3101,120.9171,2022-03-01 06:34:00,40.4052,120.8913,960,D,CN~D7741,Dalian,Dalian North
2022-03-01 06:18:00,36.096,112.8223,2022-03-01 06:22:00,36.096,112.8223,240,D,CN~D7877,Zhengzhou,Zhengzhou
2022-03-01 06:18:00,40.4052,120.8913,2022-03-01 06:18:00,40.4052,120.8913,0,G,CN~G3501,Dalian North,Dalian North
2022-03-01 06:18:00,40.4052,120.8913,2022-03-01 06:44:00,41.051,121.1258,1560,G,CN~G3501,Dalian North,Wafangdian West
2022-03-01 06:19:00,40.5478,116.3778,2022-03-01 06:19:00,40.5478,116.3778,0,C,CN~C2612,Tianjin West,Tianjin West
2022-03-01 06:19:00,40.5478,116.3778,2022-03-01 06:34:00,40.7636,116.2288,900,C,CN~C2612,Tianjin West,Wuqing
2022-03-01 06:19:00,33.1398,119.9465,2022-03-01 06:21:00,33.1398,119.9465,120,C,CN~C3804,Zhangjiagang,Zhangjiagang
2022-03-01 06:19:00,24.2728,112.792,2022-03-01 06:23:00,24.2448,112.7901,240,C,CN~C6703,Wangniudun,Dongguan West
2022-03-01 06:19:00,23.9227,112.9561,2022-03-01 06:20:00,23.9227,112.9561,60,C,CN~C6722,Fuhai West,Fuhai West
2022-03-01 06:19:00,23.7618,113.2885,2022-03-01 06:19:00,23.7618,113.2885,0,C,CN~C7018,Shenzhen,Shenzhen
2022-03-01 06:19:00,23.7618,113.2885,2022-03-01 06:50:00,24.325,113.0271,1860,C,CN~C7018,Shenzhen,Dongguan
2022-03-01 06:19:00,35.7229,108.0332,2022-03-01 06:19:00,35.7229,108.0332,0,G,CN~G1914,Xi'an North,Xi'an North
2022-03-01 06:19:00,35.7229,108.0332,2022-03-01 06:35:00,35.8837,108.5826,960,G,CN~G1914,Xi'an North,Weinan North
2022-03-01 06:20:00,44.3289,128.8117,2022-03-01 06:20:00,44.3289,128.8117,0,C,CN~C1004,Yanji West,Yanji West
2022-03-01 06:20:00,44.3289,128.8117,2022-03-01 06:39:00,44.5399,128.2846,1140,C,CN~C1004,Yanji West,Antu West
2022-03-01 06:20:00,23.9227,112.9561,2022-03-01 06:24:00,23.9666,112.9598,240,C,CN~C6722,Fuhai West,Shajing West
2022-03-01 06:20:00,24.2655,113.5414,2022-03-01 06:22:00,24.2655,113.5414,120,C,CN~C7502,Huihuan,Huihuan
2022-03-01 06:20:00,24.2448,112.7901,2022-03-01 06:20:00,24.2448,112.7901,0,C,CN~C7591,Dongguan West,Dongguan West
2022-03-01 06:20:00,24.2448,112.7901,2022-03-01 06:28:00,24.2301,112.9113,480,C,CN~C7591,Dongguan West,Xipingxi
2022-03-01 06:20:00,24.3875,113.5943,2022-03-01 06:20:00,24.3875,113.5943,0,C,CN~C7592,Xiaojinkou,Xiaojinkou
2022-03-01 06:20:00,24.3875,113.5943,2022-03-01 06:25:00,24.3463,113.5937,300,C,CN~C7592,Xiaojinkou,Yunshan
2022-03-01 06:20:00,23.4432,112.7127,2022-03-01 06:20:00,23.4432,112.7127,0,C,CN~C7602,Zhuhai,Zhuhai
2022-03-01 06:20:00,23.4432,112.7127,2022-03-01 06:30:00,23.4968,112.6779,600,C,CN~C7602,Zhuhai,Mingzhu
2022-03-01 06:20:00,31.9401,103.1685,2022-03-01 06:20:00,31.9401,103.1685,0,C,CN~C9167,Chengdu East,Chengdu East
2022-03-01 06:20:00,31.9401,103.1685,2022-03-01 06:51:00,31.3731,102.8447,1860,C,CN~C9167,Chengdu East,Meishan East
2022-03-01 06:20:00,24.388,112.4843,2022-03-01 06:20:00,24.388,112.4843,0,D,CN~D7145,Guangzhou East,Guangzhou East
2022-03-01 06:20:00,24.388,112.4843,2022-03-01 07:05:00,24.0791,113.239,2700,D,CN~D7145,Guangzhou East,Dongwan South
2022-03-01 06:20:00,41.261,115.582,2022-03-01 06:20:00,41.261,115.582,0,G,CN~G0103,Beijing South,Beijing South
2022-03-01 06:20:00,41.261,115.582,2022-03-01 07:13:00,39.689,115.9769,3180,G,CN~G0103,Beijing South,Cangzhou West
2022-03-01 06:20:00,31.7474,119.6588,2022-03-01 06:23:00,31.7474,119.6588,180,G,CN~G4731,Haining West,Haining West
2022-03-01 06:20:00,40.852,115.2525,2022-03-01 06:20:00,40.852,115.2525,0,G,CN~G6730,Zhuozhou East,Zhuozhou East
2022-03-01 06:20:00,40.852,115.2525,2022-03-01 06:45:00,41.2915,115.5236,1500,G,CN~G6730,Zhuozhou East,Beijing West
2022-03-01 06:20:00,33.5236,118.6829,2022-03-01 06:22:00,33.5236,118.6829,120,G,CN~G7031,Zhenjiang,Zhenjiang
2022-03-01 06:20:00,36.109,112.9435,2022-03-01 06:20:00,36.109,112.9435,0,G,CN~G7997,Zhengzhou East,Zhengzhou East
2022-03-01 06:20:00,36.109,112.9435,2022-03-01 07:29:00,34.2838,111.8105,4140,G,CN~G7997,Zhengzhou East,Nanyang East
2022-03-01 06:20:00,43.0116,119.6741,2022-03-01 06:20:00,43.0116,119.6741,0,G,CN~G8165,Liaoning Chaoyang,Liaoning Chaoyang
2022-03-01 06:20:00,43.0116,119.6741,2022-03-01 06:32:00,43.1822,120.0592,720,G,CN~G8165,Liaoning Chaoyang,Beipiao
2022-03-01 06:20:00,34.9078,118.4358,2022-03-01 06:20:00,34.9078,118.4358,0,G,CN~G8287,Huai'an East,Huai'an East
2022-03-01 06:20:00,34.9078,118.4358,2022-03-01 06:52:00,34.71,119.4472,1920,G,CN~G8287,Huai'an East,Yancheng
2022-03-01 06:20:00,35.6129,116.5231,2022-03-01 06:20:00,35.6129,116.5231,0,G,CN~G8311,Xuzhou East,Xuzhou East
2022-03-01 06:20:00,35.6129,116.5231,2022-03-01 06:48:00,35.6735,117.565,1680,G,CN~G8311,Xuzhou East,Xinyi South
2022-03-01 06:20:00,30.8008,105.4946,2022-03-01 06:20:00,30.8008,105.4946,0,G,CN~G8588,Chongqing West,Chongqing West
2022-03-01 06:20:00,30.8008,105.4946,2022-03-01 07:38:00,31.9401,103.1685,4680,G,CN~G8588,Chongqing West,Chengdu East
2022-03-01 06:20:00,41.4376,115.5185,2022-03-01 06:20:00,41.4376,115.5185,0,G,CN~G8801,Qinghe,Qinghe
2022-03-01 06:20:00,41.4376,115.5185,2022-03-01 07:10:00,42.3193,114.6363,3000,G,CN~G8801,Qinghe,Taizicheng
2022-03-01 06:21:00,33.1398,119.9465,2022-03-01 06:31:00,33.0183,120.0533,600,C,CN~C3804,Zhangjiagang,Changshu
2022-03-01 06:21:00,38.9221,120.6629,2022-03-01 06:21:00,38.9221,120.6629,0,C,CN~C6520,Yantai,Yantai
2022-03-01 06:21:00,38.9221,120.6629,2022-03-01 06:59:00,38.2959,119.9804,2280,C,CN~C6520,Yantai,Laiyang
2022-03-01 06:21:00,42.009,108.9418,2022-03-01 06:21:00,42.009,108.9418,0,D,CN~D6768,Baotou,Baotou
2022-03-01 06:21:00,42.009,108.9418,2022-03-01 06:32:00,41.973,109.133,660,D,CN~D6768,Baotou,Baotou East
2022-03-01 06:21:00,43.0802,122.7145,2022-03-01 06:23:00,43.0802,122.7145,120,D,CN~D7661,Shenyang South,Shenyang South
2022-03-01 06:21:00,47.2136,125.9875,2022-03-01 06:23:00,47.2136,125.9875,120,D,CN~D7811,Harbin,Harbin
2022-03-01 06:21:00,31.8472,119.8381,2022-03-01 06:23:00,31.8472,119.8381,120,G,CN~G7541,Tongxiang,Tongxiang
2022-03-01 06:21:00,30.6351,120.7016,2022-03-01 06:21:00,30.6351,120.7016,0,G,CN~G7724,Ninghai,Ninghai
2022-03-01 06:21:00,30.6351,120.7016,2022-03-01 06:49:00,31.1659,120.8214,1680,G,CN~G7724,Ninghai,Ningbo
2022-03-01 06:21:00,45.0357,121.5642,2022-03-01 06:21:00,45.0357,121.5642,0,G,CN~G8148,Tongliao,Tongliao
2022-03-01 06:21:00,45.0357,121.5642,2022-03-01 06:45:00,44.3837,121.6503,1440,G,CN~G8148,Tongliao,Ganqika
2022-03-01 06:22:00,32.1206,105.1381,2022-03-01 06:22:00,32.1206,105.1381,0,C,CN~C0771,Nanchong,Nanchong
2022-03-01 06:22:00,32.1206,105.1381,2022-03-01 06:56:00,31.8539,104.5887,2040,C,CN~C0771,Nanchong,Suining
2022-03-01 06:22:00,41.261,115.582,2022-03-01 06:22:00,41.261,115.582,0,C,CN~C2608,Beijing South,Beijing South
2022-03-01 06:22:00,24.2655,113.5414,2022-03-01 06:26:00,24.2413,113.5015,240,C,CN~C7502,Huihuan,Chenjiangnan
2022-03-01 06:22:00,24.2241,112.4276,2022-03-01 06:22:00,24.2241,112.4276,0,D,CN~D7139,Guangzhou South,Guangzhou South
2022-03-01 06:22:00,24.2241,112.4276,2022-03-01 06:51:00,23.7749,112.5941,1740,D,CN~D7139,Guangzhou South,Zhongshan
2022-03-01 06:22:00,36.096,112.8223,2022-03-01 06:31:00,36.1648,112.7789,540,D,CN~D7877,Zhengzhou,Nanyangzhai
2022-03-01 06:22:00,37.5306,119.6398,2022-03-01 06:31:00,37.5306,119.6398,540,G,CN~G0278,Qingdao North,Qingdao North
2022-03-01 06:22:00,33.3936,120.1346,2022-03-01 06:22:00,33.3936,120.1346,0,G,CN~G2632,Nantong,Nantong
2022-03-01 06:22:00,33.3936,120.1346,2022-03-01 06:43:00,33.6733,119.8986,1260,G,CN~G2632,Nantong,Rugao South
2022-03-01 06:22:00,33.5236,118.6829,2022-03-01 06:44:00,33.1068,119.2327,1320,G,CN~G7031,Zhenjiang,Changzhou
2022-03-01 06:22:00,30.874,118.6787,2022-03-01 06:24:00,30.874,118.6787,120,G,CN~G7552,Jiande,Jiande
2022-03-01 06:22:00,28.9091,119.8146,2022-03-01 06:22:00,28.9091,119.8146,0,G,CN~G7572,Pingyang,Pingyang
2022-03-01 06:22:00,28.9091,119.8146,2022-03-01 06:39:00,29.2526,119.8557,1020,G,CN~G7572,Pingyang,Wenzhou South
2022-03-01 06:22:00,31.9401,103.1685,2022-03-01 06:22:00,31.9401,103.1685,0,G,CN~G8601,Chengdu East,Chengdu East
2022-03-01 06:22:00,31.9401,103.1685,2022-03-01 07:13:00,30.6716,105.0014,3060,G,CN~G8601,Chengdu East,Yongchuan East
2022-03-01 06:23:00,40.7636,116.2288,2022-03-01 06:45:00,41.261,115.582,1320,C,CN~C2202,Wuqing,Beijing South
2022-03-01 06:23:00,24.6659,112.3954,2022-03-01 06:24:00,24.6659,112.3954,60,C,CN~C4757,Huachengjie,Huachengjie
2022-03-01 06:23:00,32.2065,102.627,2022-03-01 06:23:00,32.2065,102.627,0,C,CN~C6101,Qingchengshan,Qingchengshan
2022-03-01 06:23:00,24.2448,112.7901,2022-03-01 06:24:00,24.2448,112.7901,60,C,CN~C6703,Dongguan West,Dongguan West
2022-03-01 06:23:00,27.3814,118.5701,2022-03-01 06:23:00,27.3814,118.5701,0,D,CN~D6201,Fuzhou,Fuzhou
2022-03-01 06:23:00,27.3814,118.5701,2022-03-01 06:39:00,27.2517,118.6415,960,D,CN~D6201,Fuzhou,Fuzhou South
2022-03-01 06:23:00,41.522,123.7113,2022-03-01 06:23:00,41.522,123.7113,0,D,CN~D7634,Dandong,Dandong
2022-03-01 06:23:00,41.522,123.7113,2022-03-01 06:39:00,41.8661,123.4551,960,D,CN~D7634,Dandong,Fengcheng East
2022-03-01 06:23:00,43.0802,122.7145,2022-03-01 06:47:00,42.7041,123.0719,1440,D,CN~D7661,Shenyang South,Benxi
2022-03-01 06:23:00,47.2136,125.9875,2022-03-01 06:52:00,47.2288,126.8282,1740,D,CN~D7811,Harbin,Binzhou
2022-03-01 06:23:00,47.6743,130.0361,2022-03-01 06:25:00,47.6743,130.0361,120,D,CN~D7902,Huanan East,Huanan East
2022-03-01 06:23:00,31.7474,119.6588,2022-03-01 06:36:00,31.5991,119.477,780,G,CN~G4731,Haining West,Hangzhou East
2022-03-01 06:23:00,31.0295,119.4479,2022-03-01 06:25:00,31.0295,119.4479,120,G,CN~G7341,Zhuji,Zhuji
2022-03-01 06:23:00,35.9575,118.409,2022-03-01 06:23:00,35.9575,118.409,0,G,CN~G7461,Lianyungang,Lianyungang
2022-03-01 06:23:00,35.9575,118.409,2022-03-01 06:59:00,35.1168,118.4436,2160,G,CN~G7461,Lianyungang,Lianshui
2022-03-01 06:23:00,31.8472,119.8381,2022-03-01 06:35:00,31.6891,119.5616,720,G,CN~G7541,Tongxiang,Linping South
2022-03-01 06:23:00,44.3258,129.8137,2022-03-01 06:23:00,44.3258,129.8137,0,G,CN~G8128,Hunchun,Hunchun
2022-03-01 06:23:00,44.3258,129.8137,2022-03-01 06:45:00,44.4218,129.2024,1320,G,CN~G8128,Hunchun,Tumen North
2022-03-01 06:23:00,30.2225,104.4665,2022-03-01 06:23:00,30.2225,104.4665,0,G,CN~G8770,Luzhou,Luzhou
2022-03-01 06:23:00,30.2225,104.4665,2022-03-01 06:52:00,30.6541,103.9187,1740,G,CN~G8770,Luzhou,Zigong
2022-03-01 06:24:00,30.9115,105.6116,2022-03-01 06:24:00,30.9115,105.6116,0,C,CN~C0719,Chongqing North,Chongqing North
2022-03-01 06:24:00,30.9115,105.6116,2022-03-01 06:58:00,31.2647,105.3335,2040,C,CN~C0719,Chongqing North,Hechuan
2022-03-01 06:24:00,31.9401,103.1685,2022-03-01 06:24:00,31.9401,103.1685,0,C,CN~C0790,Chengdu East,Chengdu East
2022-03-01 06:24:00,31.9401,103.1685,2022-03-01 08:03:00,32.1206,105.1381,5940,C,CN~C0790,Chengdu East,Nanchong
2022-03-01 06:24:00,24.6659,112.3954,2022-03-01 06:27:00,24.665,112.4269,180,C,CN~C4757,Huachengjie,Huashanzhen
2022-03-01 06:24:00,24.2448,112.7901,2022-03-01 06:28:00,24.2158,112.7817,240,C,CN~C6703,Dongguan West,Hongmei
2022-03-01 06:24:00,23.9666,112.9598,2022-03-01 06:26:00,23.9666,112.9598,120,C,CN~C6722,Shajing West,Shajing West
2022-03-01 06:24:00,23.7618,113.2885,2022-03-01 06:24:00,23.7618,113.2885,0,C,CN~C7090,Shenzhen,Shenzhen
2022-03-01 06:24:00,23.7618,113.2885,2022-03-01 06:44:00,24.136,113.2383,1200,C,CN~C7090,Shenzhen,Zhangmutou
2022-03-01 06:24:00,38.7992,121.4348,2022-03-01 06:31:00,38.8689,121.3386,420,D,CN~D2926,Weihai,Weihai North
2022-03-01 06:24:00,24.7807,115.7973,2022-03-01 06:24:00,24.7807,115.7973,0,D,CN~D7183,Chaoshan,Chaoshan
2022-03-01 06:24:00,24.7807,115.7973,2022-03-01 07:36:00,23.9403,113.5022,4320,D,CN~D7183,Chaoshan,Shenzhen Pingshan
2022-03-01 06:24:00,47.3223,128.199,2022-03-01 06:26:00,47.3223,128.199,120,D,CN~D7812,Fangzheng,Fangzheng
2022-03-01 06:24:00,30.874,118.6787,2022-03-01 06:48:00,31.3052,119.2533,1440,G,CN~G7552,Jiande,Fuyang
2022-03-01 06:24:00,33.1204,116.5086,2022-03-01 06:24:00,33.1204,116.5086,0,G,CN~G7740,Hefei South,Hefei South
2022-03-01 06:24:00,33.1204,116.5086,2022-03-01 07:12:00,33.2928,118.0396,2880,G,CN~G7740,Hefei South,Nanjing South
2022-03-01 06:24:00,32.566,120.7383,2022-03-01 06:24:00,32.566,120.7383,0,G,CN~G7784,Shanghai,Shanghai
2022-03-01 06:24:00,32.566,120.7383,2022-03-01 06:43:00,32.6706,120.2264,1140,G,CN~G7784,Shanghai,Kunshan South
2022-03-01 06:25:00,45.4282,125.0432,2022-03-01 06:27:00,45.4282,125.0432,120,C,CN~C1003,Longjia,Longjia
2022-03-01 06:25:00,45.2942,125.9343,2022-03-01 06:25:00,45.2942,125.9343,0,C,CN~C1202,Jilin,Jilin
2022-03-01 06:25:00,45.2942,125.9343,2022-03-01 06:51:00,45.4579,125.1553,1560,C,CN~C1202,Jilin,Jiutai South
2022-03-01 06:25:00,31.9401,103.1685,2022-03-01 06:25:00,31.9401,103.1685,0,C,CN~C5971,Chengdu East,Chengdu East
2022-03-01 06:25:00,31.9401,103.1685,2022-03-01 06:56:00,31.3731,102.8447,1860,C,CN~C5971,Chengdu East,Meishan East
2022-03-01 06:25:00,24.3463,113.5937,2022-03-01 06:27:00,24.3463,113.5937,120,C,CN~C7592,Yunshan,Yunshan
2022-03-01 06:25:00,47.8623,124.6583,2022-03-01 06:27:00,47.8623,124.6583,120,D,CN~D6911,Anda,Anda
2022-03-01 06:25:00,43.2082,122.7019,2022-03-01 06:25:00,43.2082,122.7019,0,D,CN~D7603,Shenyang,Shenyang
2022-03-01 06:25:00,43.2082,122.7019,2022-03-01 06:56:00,42.7041,123.0719,1860,D,CN~D7603,Shenyang,Benxi
2022-03-01 06:25:00,47.6743,130.0361,2022-03-01 06:44:00,47.1974,130.1972,1140,D,CN~D7902,Huanan East,Qitaihexi
2022-03-01 06:25:00,32.6706,120.2264,2022-03-01 06:27:00,32.6706,120.2264,120,G,CN~G7072,Kunshan South,Kunshan South
2022-03-01 06:25:00,31.0295,119.4479,2022-03-01 06:51:00,30.4113,118.9954,1560,G,CN~G7341,Zhuji,Jinhua South
2022-03-01 06:25:00,46.454,125.3515,2022-03-01 06:25:00,46.454,125.3515,0,G,CN~G8092,Fuyu North,Fuyu North
2022-03-01 06:25:00,46.454,125.3515,2022-03-01 06:41:00,45.9873,125.018,960,G,CN~G8092,Fuyu North,Dehui West
2022-03-01 06:26:00,33.1398,119.9465,2022-03-01 06:32:00,33.1398,119.9465,360,C,CN~C3712,Zhangjiagang,Zhangjiagang
2022-03-01 06:26:00,23.9666,112.9598,2022-03-01 06:32:00,24.0125,112.93,360,C,CN~C6722,Shajing West,Chang'an
2022-03-01 06:26:00,24.2413,113.5015,2022-03-01 06:27:00,24.2413,113.5015,60,C,CN~C7502,Chenjiangnan,Chenjiangnan
2022-03-01 06:26:00,48.12,124.2164,2022-03-01 06:28:00,48.12,124.2164,120,D,CN~D6912,Daqing West,Daqing West
2022-03-01 06:26:00,47.3223,128.199,2022-03-01 07:03:00,47.2288,126.8282,2220,D,CN~D7812,Fangzheng,Binzhou
2022-03-01 06:26:00,37.4248,119.5771,2022-03-01 06:26:00,37.4248,119.5771,0,G,CN~G0284,Qingdao,Qingdao
2022-03-01 06:26:00,37.4248,119.5771,2022-03-01 06:45:00,37.5306,119.6398,1140,G,CN~G0284,Qingdao,Qingdao North
2022-03-01 06:26:00,41.2915,115.5236,2022-03-01 06:26:00,41.2915,115.5236,0,G,CN~G0437,Beijing West,Beijing West
2022-03-01 06:26:00,41.2915,115.5236,2022-03-01 07:38:00,39.3892,113.6591,4320,G,CN~G0437,Beijing West,Shijiazhuang
2022-03-01 06:26:00,37.5306,119.6398,2022-03-01 06:26:00,37.5306,119.6398,0,G,CN~G1842,Qingdao North,Qingdao North
2022-03-01 06:26:00,37.5306,119.6398,2022-03-01 07:21:00,38.0625,118.3422,3300,G,CN~G1842,Qingdao North,Weifang
2022-03-01 06:26:00,31.5991,119.477,2022-03-01 06:26:00,31.5991,119.477,0,G,CN~G1874,Hangzhou East,Hangzhou East
2022-03-01 06:26:00,31.5991,119.477,2022-03-01 06:39:00,31.8548,119.3226,780,G,CN~G1874,Hangzhou East,Deqing
2022-03-01 06:26:00,39.3892,113.6591,2022-03-01 06:26:00,39.3892,113.6591,0,G,CN~G6722,Shijiazhuang,Shijiazhuang
2022-03-01 06:26:00,39.3892,113.6591,2022-03-01 06:49:00,39.8917,114.259,1380,G,CN~G6722,Shijiazhuang,Dingzhou East
2022-03-01 06:26:00,33.7328,118.7804,2022-03-01 06:26:00,33.7328,118.7804,0,G,CN~G8279,Yangzhoudong,Yangzhoudong
2022-03-01 06:26:00,33.7328,118.7804,2022-03-01 07:06:00,33.1068,119.2327,2400,G,CN~G8279,Yangzhoudong,Changzhou
2022-03-01 06:26:00,41.838,115.1807,2022-03-01 06:26:00,41.838,115.1807,0,G,CN~G8881,Yanqing,Yanqing
2022-03-01 06:26:00,33.4124,118.0388,2022-03-01 06:26:00,33.4124,118.0388,0,G,CN~G9239,Nanjing,Nanjing
2022-03-01 06:26:00,33.4124,118.0388,2022-03-01 06:46:00,33.5236,118.6829,1200,G,CN~G9239,Nanjing,Zhenjiang
2022-03-01 06:27:00,45.4282,125.0432,2022-03-01 06:57:00,45.2942,125.9343,1800,C,CN~C1003,Longjia,Jilin
2022-03-01 06:27:00,41.261,115.582,2022-03-01 06:27:00,41.261,115.582,0,C,CN~C2603,Beijing South,Beijing South
2022-03-01 06:27:00,41.261,115.582,2022-03-01 06:59:00,40.5478,116.3778,1920,C,CN~C2603,Beijing South,Tianjin West
2022-03-01 06:27:00,33.3936,120.1346,2022-03-01 06:27:00,33.3936,120.1346,0,C,CN~C3762,Nantong,Nantong
2022-03-01 06:27:00,33.3936,120.1346,2022-03-01 06:52:00,33.7121,119.8768,1500,C,CN~C3762,Nantong,Rugao
2022-03-01 06:27:00,24.665,112.4269,2022-03-01 06:28:00,24.665,112.4269,60,C,CN~C4757,Huashanzhen,Huashanzhen
2022-03-01 06:27:00,24.325,113.0271,2022-03-01 06:29:00,24.325,113.0271,120,C,CN~C7001,Dongguan,Dongguan
2022-03-01 06:27:00,24.2413,113.5015,2022-03-01 06:34:00,24.2145,113.4033,420,C,CN~C7502,Chenjiangnan,Lilinbei
2022-03-01 06:27:00,24.3463,113.5937,2022-03-01 06:31:00,24.3237,113.5773,240,C,CN~C7592,Yunshan,Xihudong
2022-03-01 06:27:00,31.1659,120.8214,2022-03-01 06:27:00,31.1659,120.8214,0,D,CN~D2160,Ningbo,Ningbo
2022-03-01 06:27:00,31.1659,120.8214,2022-03-01 06:48:00,31.4042,120.4467,1260,D,CN~D2160,Ningbo,Yuyao North
2022-03-01 06:27:00,24.3155,112.1884,2022-03-01 06:29:00,24.3155,112.1884,120,D,CN~D4269,Foshan West,Foshan West
2022-03-01 06:27:00,47.8623,124.6583,2022-03-01 06:37:00,47.9938,124.4557,600,D,CN~D6911,Anda,Daqing East
2022-03-01 06:27:00,27.0846,113.9983,2022-03-01 06:27:00,27.0846,113.9983,0,G,CN~G1386,Ganzhou West,Ganzhou West
2022-03-01 06:27:00,27.0846,113.9983,2022-03-01 07:13:00,28.4147,114.1168,2760,G,CN~G1386,Ganzhou West,Ji'an West
2022-03-01 06:27:00,38.0353,116.1036,2022-03-01 06:27:00,38.0353,116.1036,0,G,CN~G2661,Jinan West,Jinan West
2022-03-01 06:27:00,38.0353,116.1036,2022-03-01 06:44:00,37.5333,116.248,1020,G,CN~G2661,Jinan West,Taian
2022-03-01 06:27:00,32.6706,120.2264,2022-03-01 06:38:00,32.6473,119.8813,660,G,CN~G7072,Kunshan South,Suzhou
2022-03-01 06:27:00,32.5099,120.6013,2022-03-01 06:27:00,32.5099,120.6013,0,G,CN~G7333,Shanghai Hongqiao,Shanghai Hongqiao
2022-03-01 06:27:00,32.5099,120.6013,2022-03-01 07:07:00,31.7474,119.6588,2400,G,CN~G7333,Shanghai Hongqiao,Haining West
2022-03-01 06:27:00,30.929,120.7478,2022-03-01 06:27:00,30.929,120.7478,0,G,CN~G7534,Fenghua,Fenghua
2022-03-01 06:27:00,30.929,120.7478,2022-03-01 06:44:00,31.1659,120.8214,1020,G,CN~G7534,Fenghua,Ningbo
2022-03-01 06:28:00,45.8758,124.4949,2022-03-01 06:31:00,45.8758,124.4949,180,C,CN~C0527,Nong'an,Nong'an
2022-03-01 06:28:00,41.261,115.582,2022-03-01 06:28:00,41.261,115.582,0,C,CN~C2002,Beijing South,Beijing South
2022-03-01 06:28:00,24.665,112.4269,2022-03-01 06:36:00,24.6357,112.465,480,C,CN~C4757,Huashanzhen,Baiyun Airport North
2022-03-01 06:28:00,24.2158,112.7817,2022-03-01 06:29:00,24.2158,112.7817,60,C,CN~C6703,Hongmei,Hongmei
2022-03-01 06:28:00,24.388,112.4843,2022-03-01 06:34:00,24.388,112.4843,360,C,CN~C7027,Guangzhou East,Guangzhou East
2022-03-01 06:28:00,24.2301,112.9113,2022-03-01 06:29:00,24.2301,112.9113,60,C,CN~C7591,Xipingxi,Xipingxi
2022-03-01 06:28:00,23.88,112.4281,2022-03-01 06:30:00,23.88,112.4281,120,C,CN~C7601,Xiaolan,Xiaolan
2022-03-01 06:28:00,39.1687,111.7575,2022-03-01 06:28:00,39.1687,111.7575,0,D,CN~D2537,Taiyuan South,Taiyuan South
2022-03-01 06:28:00,39.1687,111.7575,2022-03-01 07:51:00,36.9579,110.415,4980,D,CN~D2537,Taiyuan South,Houma West
2022-03-01 06:28:00,31.9401,103.1685,2022-03-01 06:28:00,31.9401,103.1685,0,D,CN~D5111,Chengdu East,Chengdu East
2022-03-01 06:28:00,31.9401,103.1685,2022-03-01 06:57:00,31.4328,103.7183,1740,D,CN~D5111,Chengdu East,Ziyang North
2022-03-01 06:28:00,48.12,124.2164,2022-03-01 06:43:00,47.8623,124.6583,900,D,CN~D6912,Daqing West,Anda
2022-03-01 06:28:00,36.109,112.9435,2022-03-01 06:28:00,36.109,112.9435,0,D,CN~D7873,Zhengzhou East,Zhengzhou East
2022-03-01 06:28:00,36.109,112.9435,2022-03-01 06:44:00,36.096,112.8223,960,D,CN~D7873,Zhengzhou East,Zhengzhou
2022-03-01 06:28:00,46.0329,129.0123,2022-03-01 06:28:00,46.0329,129.0123,0,D,CN~D8512,Mudanjiang,Mudanjiang
2022-03-01 06:28:00,46.0329,129.0123,2022-03-01 06:39:00,46.0529,128.7691,660,D,CN~D8512,Mudanjiang,Hailin North
2022-03-01 06:28:00,32.9165,119.7277,2022-03-01 06:30:00,32.9165,119.7277,120,G,CN~G1786,Wuxi East,Wuxi East
2022-03-01 06:28:00,33.1068,119.2327,2022-03-01 06:30:00,33.1068,119.2327,120,G,CN~G7029,Changzhou,Changzhou
2022-03-01 06:28:00,32.9076,119.5715,2022-03-01 06:30:00,32.9076,119.5715,120,G,CN~G7032,Wuxi,Wuxi
2022-03-01 06:28:00,29.2526,119.8557,2022-03-01 06:28:00,29.2526,119.8557,0,G,CN~G7504,Wenzhou South,Wenzhou South
2022-03-01 06:28:00,29.2526,119.8557,2022-03-01 07:03:00,29.7703,120.6058,2100,G,CN~G7504,Wenzhou South,Wenling
2022-03-01 06:29:00,24.2158,112.7817,2022-03-01 06:36:00,24.1427,112.7752,420,C,CN~C6703,Hongmei,Dongwangang
2022-03-01 06:29:00,24.325,113.0271,2022-03-01 06:39:00,24.2187,113.1763,600,C,CN~C7001,Dongguan,Changping
2022-03-01 06:29:00,24.2241,112.4276,2022-03-01 06:34:00,24.2241,112.4276,300,C,CN~C7201,Guangzhou South,Guangzhou South
2022-03-01 06:29:00,24.2301,112.9113,2022-03-01 06:39:00,24.1933,113.0655,600,C,CN~C7591,Xipingxi,Songshanhubei
2022-03-01 06:29:00,25.8878,117.3051,2022-03-01 06:29:00,25.8878,117.3051,0,D,CN~D3657,Xiamen North,Xiamen North
2022-03-01 06:29:00,25.8878,117.3051,2022-03-01 06:47:00,25.7068,116.9423,1080,D,CN~D3657,Xiamen North,Zhangzhou
2022-03-01 06:29:00,24.3155,112.1884,2022-03-01 08:31:00,26.6146,109.3815,7320,D,CN~D4269,Foshan West,Guilin West
2022-03-01 06:29:00,31.6706,114.0483,2022-03-01 06:31:00,31.6706,114.0483,120,D,CN~D7001,Ezhou,Ezhou
2022-03-01 06:29:00,36.109,112.9435,2022-03-01 06:29:00,36.109,112.9435,0,G,CN~G6624,Zhengzhou East,Zhengzhou East
2022-03-01 06:29:00,36.109,112.9435,2022-03-01 06:49:00,36.6681,113.1474,1200,G,CN~G6624,Zhengzhou East,Xinxiang East
2022-03-01 06:29:00,33.5236,118.6829,2022-03-01 06:31:00,33.5236,118.6829,120,G,CN~G7101,Zhenjiang,Zhenjiang
2022-03-01 06:29:00,41.051,121.1258,2022-03-01 06:31:00,41.051,121.1258,120,G,CN~G8001,Wafangdian West,Wafangdian West
2022-03-01 06:30:00,37.87,102.6357,2022-03-01 06:30:00,37.87,102.6357,0,C,CN~C0614,Zhongchuan Airport,Zhongchuan Airport
2022-03-01 06:30:00,37.87,102.6357,2022-03-01 06:57:00,37.4563,102.6521,1620,C,CN~C0614,Zhongchuan Airport,Fuliqu
2022-03-01 06:30:00,31.9401,103.1685,2022-03-01 06:30:00,31.9401,103.1685,0,C,CN~C0782,Chengdu East,Chengdu East
2022-03-01 06:30:00,31.9401,103.1685,2022-03-01 07:37:00,31.8539,104.5887,4020,C,CN~C0782,Chengdu East,Suining
2022-03-01 06:30:00,40.526,116.4253,2022-03-01 06:34:00,40.526,116.4253,240,C,CN~C2551,Tianjin ,Tianjin 
2022-03-01 06:30:00,24.6162,112.3599,2022-03-01 06:30:00,24.6162,112.3599,0,C,CN~C4753,Huadu,Huadu
2022-03-01 06:30:00,24.6162,112.3599,2022-03-01 06:35:00,24.6629,112.3319,300,C,CN~C4753,Huadu,Letong
2022-03-01 06:30:00,24.6357,112.465,2022-03-01 06:30:00,24.6357,112.465,0,C,CN~C4754,Baiyun Airport North,Baiyun Airport North
2022-03-01 06:30:00,24.6357,112.465,2022-03-01 06:36:00,24.665,112.4269,360,C,CN~C4754,Baiyun Airport North,Huashanzhen
2022-03-01 06:30:00,24.895,112.2212,2022-03-01 06:30:00,24.895,112.2212,0,C,CN~C4764,Qingcheng,Qingcheng
2022-03-01 06:30:00,24.895,112.2212,2022-03-01 06:35:00,24.8472,112.2392,300,C,CN~C4764,Qingcheng,Longtangzhen
2022-03-01 06:30:00,32.2715,102.6592,2022-03-01 06:30:00,32.2715,102.6592,0,C,CN~C6102,Dujiangyan,Dujiangyan
2022-03-01 06:30:00,32.2715,102.6592,2022-03-01 06:41:00,32.1878,102.835,660,C,CN~C6102,Dujiangyan,Ande
2022-03-01 06:30:00,31.9401,103.1685,2022-03-01 06:30:00,31.9401,103.1685,0,C,CN~C6206,Chengdu East,Chengdu East
2022-03-01 06:30:00,31.9401,103.1685,2022-03-01 07:06:00,32.779,103.7525,2160,C,CN~C6206,Chengdu East,Mianyang
2022-03-01 06:30:00,32.1774,107.4563,2022-03-01 06:30:00,32.1774,107.4563,0,C,CN~C6411,Wanzhou North,Wanzhou North
2022-03-01 06:30:00,32.1774,107.4563,2022-03-01 07:11:00,31.6081,106.4406,2460,C,CN~C6411,Wanzhou North,Dianjiang
2022-03-01 06:30:00,23.8409,113.1992,2022-03-01 06:30:00,23.8409,113.1992,0,C,CN~C6802,Shenzhen North,Shenzhen North
2022-03-01 06:30:00,23.8409,113.1992,2022-03-01 06:47:00,23.9403,113.5022,1020,C,CN~C6802,Shenzhen North,Shenzhen Pingshan
2022-03-01 06:30:00,19.4833,108.5968,2022-03-01 06:30:00,19.4833,108.5968,0,C,CN~C7302,Sanya,Sanya
2022-03-01 06:30:00,19.4833,108.5968,2022-03-01 06:51:00,19.7254,109.1447,1260,C,CN~C7302,Sanya,Lingshui
2022-03-01 06:30:00,19.4833,108.5968,2022-03-01 06:30:00,19.4833,108.5968,0,C,CN~C7432,Sanya,Sanya
2022-03-01 06:30:00,19.4833,108.5968,2022-03-01 06:46:00,19.5641,108.2566,960,C,CN~C7432,Sanya,Yazhou
2022-03-01 06:30:00,24.2448,112.7901,2022-03-01 06:30:00,24.2448,112.7901,0,C,CN~C7501,Dongguan West,Dongguan West
2022-03-01 06:30:00,24.2448,112.7901,2022-03-01 06:33:00,24.2265,112.8235,180,C,CN~C7501,Dongguan West,Daojiao
2022-03-01 06:30:00,24.3875,113.5943,2022-03-01 06:30:00,24.3875,113.5943,0,C,CN~C7504,Xiaojinkou,Xiaojinkou
2022-03-01 06:30:00,24.3875,113.5943,2022-03-01 06:35:00,24.3463,113.5937,300,C,CN~C7504,Xiaojinkou,Yunshan
2022-03-01 06:30:00,23.88,112.4281,2022-03-01 06:39:00,23.7891,112.5422,540,C,CN~C7601,Xiaolan,Zhongshan North
2022-03-01 06:30:00,23.4968,112.6779,2022-03-01 06:31:00,23.4968,112.6779,60,C,CN~C7602,Mingzhu,Mingzhu
2022-03-01 06:30:00,24.2241,112.4276,2022-03-01 06:30:00,24.2241,112.4276,0,C,CN~C7603,Guangzhou South,Guangzhou South
2022-03-01 06:30:00,24.2241,112.4276,2022-03-01 06:48:00,23.88,112.4281,1080,C,CN~C7603,Guangzhou South,Xiaolan
2022-03-01 06:30:00,23.7187,112.2268,2022-03-01 06:30:00,23.7187,112.2268,0,C,CN~C7722,Jiangmen,Jiangmen
2022-03-01 06:30:00,23.7187,112.2268,2022-03-01 06:37:00,23.7923,112.2589,420,C,CN~C7722,Jiangmen,Jiangmen East
2022-03-01 06:30:00,39.1687,111.7575,2022-03-01 06:30:00,39.1687,111.7575,0,D,CN~D3361,Taiyuan South,Taiyuan South
2022-03-01 06:30:00,39.1687,111.7575,2022-03-01 07:03:00,38.4855,111.9445,1980,D,CN~D3361,Taiyuan South,Yushe West
2022-03-01 06:30:00,36.096,112.8223,2022-03-01 06:44:00,36.096,112.8223,840,D,CN~D7881,Zhengzhou,Zhengzhou
2022-03-01 06:30:00,41.261,115.582,2022-03-01 06:30:00,41.261,115.582,0,G,CN~G0171,Beijing South,Beijing South
2022-03-01 06:30:00,41.261,115.582,2022-03-01 07:04:00,40.4455,116.2743,2040,G,CN~G0171,Beijing South,Tianjin South
2022-03-01 06:30:00,24.6163,112.3605,2022-03-01 06:36:00,24.6163,112.3605,360,G,CN~G0696,Guangzhou North,Guangzhou North
2022-03-01 06:30:00,32.9165,119.7277,2022-03-01 06:47:00,33.1768,119.2152,1020,G,CN~G1786,Wuxi East,Changzhou North
2022-03-01 06:30:00,32.6297,119.0712,2022-03-01 06:30:00,32.6297,119.0712,0,G,CN~G2578,Yixing,Yixing
2022-03-01 06:30:00,32.6297,119.0712,2022-03-01 06:41:00,32.7033,118.7549,660,G,CN~G2578,Yixing,Liyang
2022-03-01 06:30:00,29.4348,112.22,2022-03-01 06:30:00,29.4348,112.22,0,G,CN~G6431,Changsha South,Changsha South
2022-03-01 06:30:00,29.4348,112.22,2022-03-01 07:05:00,28.9456,111.1534,2100,G,CN~G6431,Changsha South,Loudi South
2022-03-01 06:30:00,33.1068,119.2327,2022-03-01 06:45:00,32.9076,119.5715,900,G,CN~G7029,Changzhou,Wuxi
2022-03-01 06:30:00,32.9076,119.5715,2022-03-01 06:44:00,33.1068,119.2327,840,G,CN~G7032,Wuxi,Changzhou
2022-03-01 06:30:00,29.7703,120.6058,2022-03-01 06:30:00,29.7703,120.6058,0,G,CN~G7436,Wenling,Wenling
2022-03-01 06:30:00,29.7703,120.6058,2022-03-01 06:39:00,29.9455,120.6542,540,G,CN~G7436,Wenling,Taizhou
2022-03-01 06:30:00,32.6217,117.1981,2022-03-01 06:33:00,32.6217,117.1981,180,G,CN~G7725,Wuwei,Wuwei
2022-03-01 06:30:00,41.3413,115.7139,2022-03-01 06:30:00,41.3413,115.7139,0,G,CN~G7861,Beijing Chaoyang,Beijing Chaoyang
2022-03-01 06:30:00,41.3413,115.7139,2022-03-01 06:56:00,41.7536,116.0618,1560,G,CN~G7861,Beijing Chaoyang,Miyun
2022-03-01 06:31:00,45.8758,124.4949,2022-03-01 06:56:00,46.3184,124.3386,1500,C,CN~C0527,Nong'an,Wangfu
2022-03-01 06:31:00,40.5478,116.3778,2022-03-01 06:31:00,40.5478,116.3778,0,C,CN~C2614,Tianjin West,Tianjin West
2022-03-01 06:31:00,40.5478,116.3778,2022-03-01 07:03:00,41.261,115.582,1920,C,CN~C2614,Tianjin West,Beijing South
2022-03-01 06:31:00,33.0183,120.0533,2022-03-01 06:33:00,33.0183,120.0533,120,C,CN~C3804,Changshu,Changshu
2022-03-01 06:31:00,24.6162,112.3599,2022-03-01 06:40:00,24.6162,112.3599,540,C,CN~C4760,Huadu,Huadu
2022-03-01 06:31:00,24.3237,113.5773,2022-03-01 06:33:00,24.3237,113.5773,120,C,CN~C7592,Xihudong,Xihudong
2022-03-01 06:31:00,23.4968,112.6779,2022-03-01 06:49:00,23.7891,112.5422,1080,C,CN~C7602,Mingzhu,Zhongshan North
2022-03-01 06:31:00,38.8689,121.3386,2022-03-01 06:33:00,38.8689,121.3386,120,D,CN~D2926,Weihai North,Weihai North
2022-03-01 06:31:00,38.139,117.7396,2022-03-01 06:33:00,38.139,117.7396,120,D,CN~D6020,Qingzhoushi,Qingzhoushi
2022-03-01 06:31:00,31.6706,114.0483,2022-03-01 06:47:00,31.4289,114.1856,960,D,CN~D7001,Ezhou,Daye North
2022-03-01 06:31:00,36.1648,112.7789,2022-03-01 06:33:00,36.1648,112.7789,120,D,CN~D7877,Nanyangzhai,Nanyangzhai
2022-03-01 06:31:00,37.5306,119.6398,2022-03-01 07:27:00,38.0625,118.3422,3360,G,CN~G0278,Qingdao North,Weifang
2022-03-01 06:31:00,46.3554,127.9727,2022-03-01 06:33:00,46.3554,127.9727,120,G,CN~G1206,Yabuli West,Yabuli West
2022-03-01 06:31:00,24.2241,112.4276,2022-03-01 06:31:00,24.2241,112.4276,0,G,CN~G1554,Guangzhou South,Guangzhou South
2022-03-01 06:31:00,24.2241,112.4276,2022-03-01 07:22:00,26.004,112.6761,3060,G,CN~G1554,Guangzhou South,Shaoguan
2022-03-01 06:31:00,33.6733,119.8986,2022-03-01 06:33:00,33.6733,119.8986,120,G,CN~G2658,Rugao South,Rugao South
2022-03-01 06:31:00,41.2915,115.5236,2022-03-01 06:31:00,41.2915,115.5236,0,G,CN~G6731,Beijing West,Beijing West
2022-03-01 06:31:00,41.2915,115.5236,2022-03-01 07:12:00,40.2513,114.7944,2460,G,CN~G6731,Beijing West,Baoding East
2022-03-01 06:31:00,37.5306,119.6398,2022-03-01 06:31:00,37.5306,119.6398,0,G,CN~G6949,Qingdao North,Qingdao North
2022-03-01 06:31:00,37.5306,119.6398,2022-03-01 07:12:00,38.1752,119.2375,2460,G,CN~G6949,Qingdao North,Pingdu
2022-03-01 06:31:00,33.4124,118.0388,2022-03-01 06:31:00,33.4124,118.0388,0,G,CN~G7035,Nanjing,Nanjing
2022-03-01 06:31:00,33.4124,118.0388,2022-03-01 06:51:00,33.5236,118.6829,1200,G,CN~G7035,Nanjing,Zhenjiang
2022-03-01 06:31:00,33.5236,118.6829,2022-03-01 06:44:00,33.3262,118.8468,780,G,CN~G7101,Zhenjiang,Danyang
2022-03-01 06:31:00,41.051,121.1258,2022-03-01 06:51:00,41.5865,121.3857,1200,G,CN~G8001,Wafangdian West,Bayuquan
2022-03-01 06:32:00,33.1398,119.9465,2022-03-01 06:57:00,32.8309,120.4755,1500,C,CN~C3712,Zhangjiagang,Taicang
2022-03-01 06:32:00,24.0125,112.93,2022-03-01 06:34:00,24.0125,112.93,120,C,CN~C6722,Chang'an,Chang'an
2022-03-01 06:32:00,24.3155,112.1884,2022-03-01 06:32:00,24.3155,112.1884,0,C,CN~C7721,Foshan West,Foshan West
2022-03-01 06:32:00,24.3155,112.1884,2022-03-01 06:49:00,24.2241,112.4276,1020,C,CN~C7721,Foshan West,Guangzhou South
2022-03-01 06:32:00,32.6706,120.2264,2022-03-01 06:34:00,32.6706,120.2264,120,D,CN~D0352,Kunshan South,Kunshan South
2022-03-01 06:32:00,23.8409,113.1992,2022-03-01 06:32:00,23.8409,113.1992,0,D,CN~D0376,Shenzhen North,Shenzhen North
2022-03-01 06:32:00,23.8409,113.1992,2022-03-01 07:03:00,24.4175,113.5554,1860,D,CN~D0376,Shenzhen North,Huizhou North
2022-03-01 06:32:00,32.5099,120.6013,2022-03-01 06:32:00,32.5099,120.6013,0,D,CN~D0636,Shanghai Hongqiao,Shanghai Hongqiao
2022-03-01 06:32:00,32.5099,120.6013,2022-03-01 06:51:00,32.6706,120.2264,1140,D,CN~D0636,Shanghai Hongqiao,Kunshan South
2022-03-01 06:32:00,27.7391,100.7404,2022-03-01 06:32:00,27.7391,100.7404,0,D,CN~D0841,Panzhihua South,Panzhihua South
2022-03-01 06:32:00,27.7391,100.7404,2022-03-01 08:40:00,26.2712,101.7297,7680,D,CN~D0841,Panzhihua South,Kunming
2022-03-01 06:32:00,37.4248,119.5771,2022-03-01 06:32:00,37.4248,119.5771,0,D,CN~D2134,Qingdao,Qingdao
2022-03-01 06:32:00,37.4248,119.5771,2022-03-01 06:50:00,37.5306,119.6398,1080,D,CN~D2134,Qingdao,Qingdao North
2022-03-01 06:32:00,33.2928,118.0396,2022-03-01 06:32:00,33.2928,118.0396,0,D,CN~D2281,Nanjing South,Nanjing South
2022-03-01 06:32:00,33.2928,118.0396,2022-03-01 07:00:00,33.5236,118.6829,1680,D,CN~D2281,Nanjing South,Zhenjiang
2022-03-01 06:32:00,25.7177,117.3477,2022-03-01 06:32:00,25.7177,117.3477,0,D,CN~D2403,Xiamen,Xiamen
2022-03-01 06:32:00,25.7177,117.3477,2022-03-01 07:05:00,25.7068,116.9423,1980,D,CN~D2403,Xiamen,Zhangzhou
2022-03-01 06:32:00,30.9115,105.6116,2022-03-01 06:32:00,30.9115,105.6116,0,D,CN~D3074,Chongqing North,Chongqing North
2022-03-01 06:32:00,30.9115,105.6116,2022-03-01 07:10:00,31.0739,106.348,2280,D,CN~D3074,Chongqing North,Fuling North
2022-03-01 06:32:00,25.5564,108.4896,2022-03-01 06:32:00,25.5564,108.4896,0,D,CN~D3937,Liuzhou,Liuzhou
2022-03-01 06:32:00,25.5564,108.4896,2022-03-01 06:58:00,24.9945,108.3453,1560,D,CN~D3937,Liuzhou,Laibin North
2022-03-01 06:32:00,36.4518,110.1066,2022-03-01 06:32:00,36.4518,110.1066,0,D,CN~D5342,Yuncheng North,Yuncheng North
2022-03-01 06:32:00,36.4518,110.1066,2022-03-01 06:54:00,36.9579,110.415,1320,D,CN~D5342,Yuncheng North,Houma West
2022-03-01 06:32:00,37.7567,119.0233,2022-03-01 06:40:00,37.7567,119.0233,480,D,CN~D6029,Gaomi,Gaomi
2022-03-01 06:32:00,41.973,109.133,2022-03-01 06:34:00,41.973,109.133,120,D,CN~D6768,Baotou East,Baotou East
2022-03-01 06:32:00,32.5099,120.6013,2022-03-01 06:32:00,32.5099,120.6013,0,G,CN~G3176,Shanghai Hongqiao,Shanghai Hongqiao
2022-03-01 06:32:00,32.5099,120.6013,2022-03-01 07:00:00,32.9165,119.7277,1680,G,CN~G3176,Shanghai Hongqiao,Wuxi East
2022-03-01 06:32:00,36.549,117.6146,2022-03-01 06:32:00,36.549,117.6146,0,G,CN~G5287,Linyi North,Linyi North
2022-03-01 06:32:00,36.549,117.6146,2022-03-01 06:51:00,36.8032,116.8971,1140,G,CN~G5287,Linyi North,Mengshan
2022-03-01 06:32:00,28.1726,111.8606,2022-03-01 06:32:00,28.1726,111.8606,0,G,CN~G6023,Hengyang East,Hengyang East
2022-03-01 06:32:00,28.1726,111.8606,2022-03-01 07:30:00,26.004,112.6761,3480,G,CN~G6023,Hengyang East,Shaoguan
2022-03-01 06:32:00,36.109,112.9435,2022-03-01 06:32:00,36.109,112.9435,0,G,CN~G6625,Zhengzhou East,Zhengzhou East
2022-03-01 06:32:00,36.109,112.9435,2022-03-01 07:11:00,35.3387,113.561,2340,G,CN~G6625,Zhengzhou East,Fugou South